model,condition,label,AP,F1
AudioOnly,observed,rock,0.7587620417454197,0.7337244240950065
AudioOnly,observed,pop,0.8144862253406813,0.7552693208430913
AudioOnly,observed,favorites,0.5899995847176034,0.6362078812107367
AudioOnly,observed,alternative,0.6300347276591082,0.6159509202453988
AudioOnly,observed,indie,0.5179363975783358,0.5388771435283063
AudioOnly,observed,alternative rock,0.582863379907717,0.574687669744704
AudioOnly,observed,male vocalists,0.5107845207832861,0.5726368159203981
AudioOnly,observed,love,0.4483290219236796,0.5129694957460054
AudioOnly,observed,awesome,0.3983604511585489,0.4295170384898259
AudioOnly,observed,beautiful,0.4223501029680767,0.4769603880355699
AudioOnly,observed,american,0.3705726188511791,0.4401932367149758
AudioOnly,observed,female vocalists,0.7749032041100143,0.7354260089686099
AudioOnly,observed,seen live,0.392957102068271,0.4231703087062088
AudioOnly,observed,electronic,0.6045255538596687,0.5803310613437196
AudioOnly,observed,00s,0.404849187797127,0.4585499316005472
AudioOnly,observed,metal,0.6061980170179379,0.5826330532212886
AudioOnly,observed,british,0.2935967185086555,0.3393070489844683
AudioOnly,observed,indie rock,0.5043371162350392,0.4959630911188004
AudioOnly,observed,singer songwriter,0.3925948810467157,0.4273447820343461
AudioOnly,observed,classic rock,0.4484599690120385,0.4821264894592117
AudioOnly,observed,mellow,0.4023448727311454,0.464839881148894
AudioOnly,observed,dance,0.5720123900754525,0.5546727203934922
AudioOnly,observed,chill,0.3019899164344291,0.370631612696377
AudioOnly,observed,hard rock,0.4125037976539099,0.4606741573033708
AudioOnly,observed,chillout,0.3311393981400631,0.4055989583333333
AudioOnly,observed,pop rock,0.4235695653669824,0.4518879415347138
AudioOnly,observed,90s,0.3536273137209249,0.408052651955091
AudioOnly,observed,80s,0.5026840048222181,0.495991448423303
AudioOnly,observed,experimental,0.2442747375375897,0.3340732519422864
AudioOnly,observed,cool,0.2300890157689462,0.2991433202130122
AudioOnly,observed,love at first listen,0.2877299990787354,0.3546450017661604
AudioOnly,observed,amazing,0.2093330285595227,0.2759938837920489
AudioOnly,observed,epic,0.1915683323605883,0.2719913653534808
AudioOnly,observed,sad,0.3101031124535334,0.3708838821490468
AudioOnly,observed,catchy,0.2973502105461712,0.348966613672496
AudioOnly,observed,guitar,0.2168252197968819,0.2956521739130435
AudioOnly,observed,folk,0.4016902685175154,0.4081632653061224
AudioOnly,observed,sexy,0.3138186397181048,0.3586538461538461
AudioOnly,observed,soul,0.4183384159543116,0.4429824561403508
AudioOnly,observed,acoustic,0.3703096344278785,0.4096573208722741
AudioOnly,observed,melancholy,0.2619191135113409,0.3283378746594005
AudioOnly,observed,heavy metal,0.3088079445046774,0.3961352657004831
AudioOnly,observed,indie pop,0.2068114666194306,0.2809523809523809
AudioOnly,observed,punk,0.4707333110091662,0.4912559618441971
AudioOnly,observed,6 of 10 stars,0.1358425317898804,0.1850994909763998
AudioOnly,observed,classic,0.2256329002830459,0.3145235892691952
AudioOnly,observed,loved,0.1480736960413539,0.2315957023477914
AudioOnly,observed,70s,0.3837181466992895,0.4306620209059233
AudioOnly,observed,easy listening,0.2909390089942446,0.3796033994334277
AudioOnly,observed,ambient,0.4540875220674022,0.4447974583002382
AudioOnly,no_audio,rock,0.5301648544370396,0.6929512893982808
AudioOnly,no_audio,pop,0.5357769203788144,0.6977275322599064
AudioOnly,no_audio,favorites,0.4373903893370747,0.6085895558809176
AudioOnly,no_audio,alternative,0.395475271834444,0.5667965313560387
AudioOnly,no_audio,indie,0.2779726411785339,0.435021270756141
AudioOnly,no_audio,alternative rock,0.253419852683269,0.4043654680285434
AudioOnly,no_audio,male vocalists,0.2777972641178534,0.4348064781773263
AudioOnly,no_audio,love,0.3021746755524377,0.4641077441077441
AudioOnly,no_audio,awesome,0.239389687828832,0.3863025328993915
AudioOnly,no_audio,beautiful,0.260610312171168,0.4134668892598775
AudioOnly,no_audio,american,0.2571027709575587,0.4090401785714285
AudioOnly,no_audio,female vocalists,0.3093651350403367,0.4725421912670774
AudioOnly,no_audio,seen live,0.1902841108383023,0.3197288934728157
AudioOnly,no_audio,electronic,0.2329007365836548,0.3778093883357041
AudioOnly,no_audio,00s,0.2332514907050157,0.3782707622298066
AudioOnly,no_audio,metal,0.1273237460540161,0.0
AudioOnly,no_audio,british,0.1688881094352858,0.2889722430607652
AudioOnly,no_audio,indie rock,0.1778323395299894,0.3019654556283502
AudioOnly,no_audio,singer songwriter,0.2088740792704314,0.3455679675032642
AudioOnly,no_audio,classic rock,0.1557348298842511,0.2694992412746586
AudioOnly,no_audio,mellow,0.1851981760785689,0.3125184965966262
AudioOnly,no_audio,dance,0.2302700806734479,0.0
AudioOnly,no_audio,chill,0.1874780778674149,0.3157583813321518
AudioOnly,no_audio,hard rock,0.108733777621887,0.1961404618791521
AudioOnly,no_audio,chillout,0.1778323395299894,0.3019654556283502
AudioOnly,no_audio,pop rock,0.2071203086636268,0.3431643178846433
AudioOnly,no_audio,90s,0.1695896176780077,0.2899985005248163
AudioOnly,no_audio,80s,0.1666082076464398,0.0
AudioOnly,no_audio,experimental,0.1169764994738688,0.2094520332862302
AudioOnly,no_audio,cool,0.1524026657313223,0.2644955105767767
AudioOnly,no_audio,love at first listen,0.1497720098211154,0.2605247101891397
AudioOnly,no_audio,amazing,0.1403016485443703,0.2460781298062134
AudioOnly,no_audio,epic,0.1124166958961767,0.202112565032319
AudioOnly,no_audio,sad,0.1306559102069449,0.2311152474018923
AudioOnly,no_audio,catchy,0.1460890915468256,0.2549349655700076
AudioOnly,no_audio,guitar,0.1070835085364525,0.1947126800696533
AudioOnly,no_audio,folk,0.1034724658014731,0.1875397329942784
AudioOnly,no_audio,sexy,0.1611715187653455,0.277601570759704
AudioOnly,no_audio,soul,0.1376709926341634,0.2420225065515646
AudioOnly,no_audio,acoustic,0.1038232199228341,0.0
AudioOnly,no_audio,melancholy,0.1104875482286916,0.1989892608970309
AudioOnly,no_audio,heavy metal,0.0538407576289021,0.0
AudioOnly,no_audio,indie pop,0.0955804980708523,0.1744837522010565
AudioOnly,no_audio,punk,0.1020694493160294,0.0
AudioOnly,no_audio,6 of 10 stars,0.1129428270782181,0.2029624960605105
AudioOnly,no_audio,classic,0.1034724658014731,0.1875397329942784
AudioOnly,no_audio,loved,0.1036478428621536,0.1878277451136183
AudioOnly,no_audio,70s,0.0896176780077166,0.1644938033156285
AudioOnly,no_audio,easy listening,0.1376709926341634,0.2420225065515646
AudioOnly,no_audio,ambient,0.0899684321290775,0.1650844730490748
AudioOnly,no_lyrics,rock,0.7587620417454197,0.7337244240950065
AudioOnly,no_lyrics,pop,0.8144862253406813,0.7552693208430913
AudioOnly,no_lyrics,favorites,0.5899995847176034,0.6362078812107367
AudioOnly,no_lyrics,alternative,0.6300347276591082,0.6159509202453988
AudioOnly,no_lyrics,indie,0.5179363975783358,0.5388771435283063
AudioOnly,no_lyrics,alternative rock,0.582863379907717,0.574687669744704
AudioOnly,no_lyrics,male vocalists,0.5107845207832861,0.5726368159203981
AudioOnly,no_lyrics,love,0.4483290219236796,0.5129694957460054
AudioOnly,no_lyrics,awesome,0.3983604511585489,0.4295170384898259
AudioOnly,no_lyrics,beautiful,0.4223501029680767,0.4769603880355699
AudioOnly,no_lyrics,american,0.3705726188511791,0.4401932367149758
AudioOnly,no_lyrics,female vocalists,0.7749032041100143,0.7354260089686099
AudioOnly,no_lyrics,seen live,0.392957102068271,0.4231703087062088
AudioOnly,no_lyrics,electronic,0.6045255538596687,0.5803310613437196
AudioOnly,no_lyrics,00s,0.404849187797127,0.4585499316005472
AudioOnly,no_lyrics,metal,0.6061980170179379,0.5826330532212886
AudioOnly,no_lyrics,british,0.2935967185086555,0.3393070489844683
AudioOnly,no_lyrics,indie rock,0.5043371162350392,0.4959630911188004
AudioOnly,no_lyrics,singer songwriter,0.3925948810467157,0.4273447820343461
AudioOnly,no_lyrics,classic rock,0.4484599690120385,0.4821264894592117
AudioOnly,no_lyrics,mellow,0.4023448727311454,0.464839881148894
AudioOnly,no_lyrics,dance,0.5720123900754525,0.5546727203934922
AudioOnly,no_lyrics,chill,0.3019899164344291,0.370631612696377
AudioOnly,no_lyrics,hard rock,0.4125037976539099,0.4606741573033708
AudioOnly,no_lyrics,chillout,0.3311393981400631,0.4055989583333333
AudioOnly,no_lyrics,pop rock,0.4235695653669824,0.4518879415347138
AudioOnly,no_lyrics,90s,0.3536273137209249,0.408052651955091
AudioOnly,no_lyrics,80s,0.5026840048222181,0.495991448423303
AudioOnly,no_lyrics,experimental,0.2442747375375897,0.3340732519422864
AudioOnly,no_lyrics,cool,0.2300890157689462,0.2991433202130122
AudioOnly,no_lyrics,love at first listen,0.2877299990787354,0.3546450017661604
AudioOnly,no_lyrics,amazing,0.2093330285595227,0.2759938837920489
AudioOnly,no_lyrics,epic,0.1915683323605883,0.2719913653534808
AudioOnly,no_lyrics,sad,0.3101031124535334,0.3708838821490468
AudioOnly,no_lyrics,catchy,0.2973502105461712,0.348966613672496
AudioOnly,no_lyrics,guitar,0.2168252197968819,0.2956521739130435
AudioOnly,no_lyrics,folk,0.4016902685175154,0.4081632653061224
AudioOnly,no_lyrics,sexy,0.3138186397181048,0.3586538461538461
AudioOnly,no_lyrics,soul,0.4183384159543116,0.4429824561403508
AudioOnly,no_lyrics,acoustic,0.3703096344278785,0.4096573208722741
AudioOnly,no_lyrics,melancholy,0.2619191135113409,0.3283378746594005
AudioOnly,no_lyrics,heavy metal,0.3088079445046774,0.3961352657004831
AudioOnly,no_lyrics,indie pop,0.2068114666194306,0.2809523809523809
AudioOnly,no_lyrics,punk,0.4707333110091662,0.4912559618441971
AudioOnly,no_lyrics,6 of 10 stars,0.1358425317898804,0.1850994909763998
AudioOnly,no_lyrics,classic,0.2256329002830459,0.3145235892691952
AudioOnly,no_lyrics,loved,0.1480736960413539,0.2315957023477914
AudioOnly,no_lyrics,70s,0.3837181466992895,0.4306620209059233
AudioOnly,no_lyrics,easy listening,0.2909390089942446,0.3796033994334277
AudioOnly,no_lyrics,ambient,0.4540875220674022,0.4447974583002382
AudioOnly,no_visual,rock,0.7587620417454197,0.7337244240950065
AudioOnly,no_visual,pop,0.8144862253406813,0.7552693208430913
AudioOnly,no_visual,favorites,0.5899995847176034,0.6362078812107367
AudioOnly,no_visual,alternative,0.6300347276591082,0.6159509202453988
AudioOnly,no_visual,indie,0.5179363975783358,0.5388771435283063
AudioOnly,no_visual,alternative rock,0.582863379907717,0.574687669744704
AudioOnly,no_visual,male vocalists,0.5107845207832861,0.5726368159203981
AudioOnly,no_visual,love,0.4483290219236796,0.5129694957460054
AudioOnly,no_visual,awesome,0.3983604511585489,0.4295170384898259
AudioOnly,no_visual,beautiful,0.4223501029680767,0.4769603880355699
AudioOnly,no_visual,american,0.3705726188511791,0.4401932367149758
AudioOnly,no_visual,female vocalists,0.7749032041100143,0.7354260089686099
AudioOnly,no_visual,seen live,0.392957102068271,0.4231703087062088
AudioOnly,no_visual,electronic,0.6045255538596687,0.5803310613437196
AudioOnly,no_visual,00s,0.404849187797127,0.4585499316005472
AudioOnly,no_visual,metal,0.6061980170179379,0.5826330532212886
AudioOnly,no_visual,british,0.2935967185086555,0.3393070489844683
AudioOnly,no_visual,indie rock,0.5043371162350392,0.4959630911188004
AudioOnly,no_visual,singer songwriter,0.3925948810467157,0.4273447820343461
AudioOnly,no_visual,classic rock,0.4484599690120385,0.4821264894592117
AudioOnly,no_visual,mellow,0.4023448727311454,0.464839881148894
AudioOnly,no_visual,dance,0.5720123900754525,0.5546727203934922
AudioOnly,no_visual,chill,0.3019899164344291,0.370631612696377
AudioOnly,no_visual,hard rock,0.4125037976539099,0.4606741573033708
AudioOnly,no_visual,chillout,0.3311393981400631,0.4055989583333333
AudioOnly,no_visual,pop rock,0.4235695653669824,0.4518879415347138
AudioOnly,no_visual,90s,0.3536273137209249,0.408052651955091
AudioOnly,no_visual,80s,0.5026840048222181,0.495991448423303
AudioOnly,no_visual,experimental,0.2442747375375897,0.3340732519422864
AudioOnly,no_visual,cool,0.2300890157689462,0.2991433202130122
AudioOnly,no_visual,love at first listen,0.2877299990787354,0.3546450017661604
AudioOnly,no_visual,amazing,0.2093330285595227,0.2759938837920489
AudioOnly,no_visual,epic,0.1915683323605883,0.2719913653534808
AudioOnly,no_visual,sad,0.3101031124535334,0.3708838821490468
AudioOnly,no_visual,catchy,0.2973502105461712,0.348966613672496
AudioOnly,no_visual,guitar,0.2168252197968819,0.2956521739130435
AudioOnly,no_visual,folk,0.4016902685175154,0.4081632653061224
AudioOnly,no_visual,sexy,0.3138186397181048,0.3586538461538461
AudioOnly,no_visual,soul,0.4183384159543116,0.4429824561403508
AudioOnly,no_visual,acoustic,0.3703096344278785,0.4096573208722741
AudioOnly,no_visual,melancholy,0.2619191135113409,0.3283378746594005
AudioOnly,no_visual,heavy metal,0.3088079445046774,0.3961352657004831
AudioOnly,no_visual,indie pop,0.2068114666194306,0.2809523809523809
AudioOnly,no_visual,punk,0.4707333110091662,0.4912559618441971
AudioOnly,no_visual,6 of 10 stars,0.1358425317898804,0.1850994909763998
AudioOnly,no_visual,classic,0.2256329002830459,0.3145235892691952
AudioOnly,no_visual,loved,0.1480736960413539,0.2315957023477914
AudioOnly,no_visual,70s,0.3837181466992895,0.4306620209059233
AudioOnly,no_visual,easy listening,0.2909390089942446,0.3796033994334277
AudioOnly,no_visual,ambient,0.4540875220674022,0.4447974583002382
AudioOnly,random_one_missing,rock,0.7034029737810301,0.7189680136896143
AudioOnly,random_one_missing,pop,0.7445120117547219,0.7342480351671773
AudioOnly,random_one_missing,favorites,0.5508832608375267,0.6274720839499529
AudioOnly,random_one_missing,alternative,0.5612796459416611,0.5921356977640709
AudioOnly,random_one_missing,indie,0.4403439060817723,0.4897266729500471
AudioOnly,random_one_missing,alternative rock,0.4716347681378454,0.4862422997946612
AudioOnly,random_one_missing,male vocalists,0.4283218684249834,0.5048506014745828
AudioOnly,random_one_missing,love,0.4025573930246134,0.4964985994397759
AudioOnly,random_one_missing,awesome,0.3282808263811952,0.4130392348233457
AudioOnly,random_one_missing,beautiful,0.3673412597961862,0.4456211812627291
AudioOnly,random_one_missing,american,0.3203759866971066,0.4246947082767978
AudioOnly,random_one_missing,female vocalists,0.6513348679685111,0.6061441512406459
AudioOnly,random_one_missing,seen live,0.3245506739837075,0.3651844843897824
AudioOnly,random_one_missing,electronic,0.483092547925723,0.4713346929526399
AudioOnly,random_one_missing,00s,0.3271379783857593,0.4217092950717405
AudioOnly,random_one_missing,metal,0.4438217990235221,0.4612794612794613
AudioOnly,random_one_missing,british,0.2373444683524617,0.3120386866887248
AudioOnly,random_one_missing,indie rock,0.3839115422523982,0.3944292464561054
AudioOnly,random_one_missing,singer songwriter,0.333225694666405,0.3884430176565008
AudioOnly,random_one_missing,classic rock,0.3480407832008864,0.3541442411194833
AudioOnly,random_one_missing,mellow,0.3252089558088442,0.3788546255506608
AudioOnly,random_one_missing,dance,0.4671655751249613,0.4427059364933272
AudioOnly,random_one_missing,chill,0.254469547429126,0.3461977620461292
AudioOnly,random_one_missing,hard rock,0.2976883936131717,0.2772093023255814
AudioOnly,random_one_missing,chillout,0.2709033532927957,0.3533487297921478
AudioOnly,random_one_missing,pop rock,0.3348369345610835,0.396
AudioOnly,random_one_missing,90s,0.2798178646789876,0.3441720860430215
AudioOnly,random_one_missing,80s,0.3899105611619529,0.4123314065510597
AudioOnly,random_one_missing,experimental,0.1882256912882131,0.2524329106458272
AudioOnly,random_one_missing,cool,0.1913465880702025,0.2887406826206355
AudioOnly,random_one_missing,love at first listen,0.2189663213592899,0.3083272638990046
AudioOnly,random_one_missing,amazing,0.1676285543214913,0.263874873864783
AudioOnly,random_one_missing,epic,0.1383769049989216,0.2255594817432273
AudioOnly,random_one_missing,sad,0.2261806563973808,0.2825219473264166
AudioOnly,random_one_missing,catchy,0.2432273720554735,0.2964294888260981
AudioOnly,random_one_missing,guitar,0.1604669287592517,0.237383704539047
AudioOnly,random_one_missing,folk,0.2934646084193074,0.2524394082467737
AudioOnly,random_one_missing,sexy,0.2385386435488704,0.3053645116918844
AudioOnly,random_one_missing,soul,0.3210390108858444,0.3116279069767442
AudioOnly,random_one_missing,acoustic,0.2730874502643048,0.3305004721435316
AudioOnly,random_one_missing,melancholy,0.1964641970330318,0.2411616161616161
AudioOnly,random_one_missing,heavy metal,0.2172881232124725,0.3415384615384615
AudioOnly,random_one_missing,indie pop,0.1562520978463532,0.216533004318322
AudioOnly,random_one_missing,punk,0.32769023390817,0.3862745098039216
AudioOnly,random_one_missing,6 of 10 stars,0.1195858803807609,0.1970033296337403
AudioOnly,random_one_missing,classic,0.1621060477801226,0.2389972144846796
AudioOnly,random_one_missing,loved,0.1162097737896767,0.2042954426401257
AudioOnly,random_one_missing,70s,0.2692305298287291,0.2453868565878925
AudioOnly,random_one_missing,easy listening,0.2226022373152602,0.3001555209953344
AudioOnly,random_one_missing,ambient,0.3042264201797482,0.2465383316447146
AudioOnly,random_two_missing,rock,0.6178037706638857,0.700997905630159
AudioOnly,random_two_missing,pop,0.6519188257337045,0.7143211100099108
AudioOnly,random_two_missing,favorites,0.4901964140821918,0.6152858060372511
AudioOnly,random_two_missing,alternative,0.4764850172969833,0.5797546012269938
AudioOnly,random_two_missing,indie,0.3619658373258576,0.4612664738026358
AudioOnly,random_two_missing,alternative rock,0.3645529857309152,0.4416890080428954
AudioOnly,random_two_missing,male vocalists,0.3582009431584849,0.4658647594278283
AudioOnly,random_two_missing,love,0.3520642374681303,0.4783613121823502
AudioOnly,random_two_missing,awesome,0.2850512586056323,0.3991430454845089
AudioOnly,random_two_missing,beautiful,0.3177375663490406,0.4277108433734939
AudioOnly,random_two_missing,american,0.2877640544989376,0.4200278164116829
AudioOnly,random_two_missing,female vocalists,0.4896605081838427,0.5253307518554372
AudioOnly,random_two_missing,seen live,0.2576147470073453,0.3455707762557077
AudioOnly,random_two_missing,electronic,0.3580449857401403,0.4176480928106872
AudioOnly,random_two_missing,00s,0.2744124242987651,0.3940013633265167
AudioOnly,random_two_missing,metal,0.305086738218268,0.3097165991902834
AudioOnly,random_two_missing,british,0.2031815995607643,0.2939492269517083
AudioOnly,random_two_missing,indie rock,0.2850346606936124,0.334841628959276
AudioOnly,random_two_missing,singer songwriter,0.2630675364803149,0.3670681287075319
AudioOnly,random_two_missing,classic rock,0.2518283164033356,0.3031736644983244
AudioOnly,random_two_missing,mellow,0.2574464086140773,0.3409715857011915
AudioOnly,random_two_missing,dance,0.3535181082995685,0.2952112676056338
AudioOnly,random_two_missing,chill,0.218915520118797,0.3326055312954876
AudioOnly,random_two_missing,hard rock,0.2077141636296692,0.2277459103462927
AudioOnly,random_two_missing,chillout,0.2271006883427052,0.3300935264991748
AudioOnly,random_two_missing,pop rock,0.2741304225291242,0.3624733475479744
AudioOnly,random_two_missing,90s,0.21493982376386,0.310882800608828
AudioOnly,random_two_missing,80s,0.2686176954064954,0.2420886075949367
AudioOnly,random_two_missing,experimental,0.1491035701680827,0.2282744282744283
AudioOnly,random_two_missing,cool,0.1627499872395921,0.2729939603106125
AudioOnly,random_two_missing,love at first listen,0.1882012046664368,0.2790432801822323
AudioOnly,random_two_missing,amazing,0.1601233318143596,0.2485526823620223
AudioOnly,random_two_missing,epic,0.1230476385860826,0.2157796645268171
AudioOnly,random_two_missing,sad,0.1635078414901752,0.2526441827978447
AudioOnly,random_two_missing,catchy,0.18158210313548,0.2746997287872917
AudioOnly,random_two_missing,guitar,0.1303468595290658,0.205064854848672
AudioOnly,random_two_missing,folk,0.1940271645269046,0.2164948453608247
AudioOnly,random_two_missing,sexy,0.2065952379829511,0.2865636147443519
AudioOnly,random_two_missing,soul,0.2270187018947993,0.2707477403451109
AudioOnly,random_two_missing,acoustic,0.1819816276321345,0.2095238095238095
AudioOnly,random_two_missing,melancholy,0.1521325609012113,0.2123742239349176
AudioOnly,random_two_missing,heavy metal,0.1417106014114708,0.2777777777777778
AudioOnly,random_two_missing,indie pop,0.1315212439816996,0.1894602090889695
AudioOnly,random_two_missing,punk,0.2163988799500377,0.2537313432835821
AudioOnly,random_two_missing,6 of 10 stars,0.113793481811608,0.1981688708036622
AudioOnly,random_two_missing,classic,0.1339388668786804,0.2092307692307692
AudioOnly,random_two_missing,loved,0.1092626983562063,0.1992797118847539
AudioOnly,random_two_missing,70s,0.1858419949124022,0.1972878390201224
AudioOnly,random_two_missing,easy listening,0.1839450438906181,0.2621987066431511
AudioOnly,random_two_missing,ambient,0.1882140589360005,0.1898846495119787
LyricsOnly,observed,rock,0.6739690706641264,0.7018337699452251
LyricsOnly,observed,pop,0.738392211238522,0.7324796915874983
LyricsOnly,observed,favorites,0.5086250034070572,0.6107663077897404
LyricsOnly,observed,alternative,0.5563001508595389,0.6003917727717923
LyricsOnly,observed,indie,0.4438930664780567,0.504481967896602
LyricsOnly,observed,alternative rock,0.4372668671706671,0.4917267713194739
LyricsOnly,observed,male vocalists,0.3765150554944279,0.4655059132720105
LyricsOnly,observed,love,0.4402415409270555,0.4969826056088037
LyricsOnly,observed,awesome,0.2929068649236357,0.3961949265687583
LyricsOnly,observed,beautiful,0.3538071701030672,0.4409108755398508
LyricsOnly,observed,american,0.365010808761091,0.4450657894736842
LyricsOnly,observed,female vocalists,0.4420098742567441,0.5240143369175627
LyricsOnly,observed,seen live,0.2593903829776249,0.3572327044025157
LyricsOnly,observed,electronic,0.3514657512109652,0.4074754901960784
LyricsOnly,observed,00s,0.2958079025441117,0.4084771192798199
LyricsOnly,observed,metal,0.4989966310944737,0.4833333333333333
LyricsOnly,observed,british,0.2208437533373854,0.3163144146283543
LyricsOnly,observed,indie rock,0.3373540145859442,0.4104308390022675
LyricsOnly,observed,singer songwriter,0.3049296061883855,0.3883705793013668
LyricsOnly,observed,classic rock,0.3221644121815628,0.3717859624739402
LyricsOnly,observed,mellow,0.2948664844769512,0.3724013257005122
LyricsOnly,observed,dance,0.4112181654633973,0.4230082172204358
LyricsOnly,observed,chill,0.230313689041795,0.328780487804878
LyricsOnly,observed,hard rock,0.2202708560608255,0.2788794460182562
LyricsOnly,observed,chillout,0.2253890812925705,0.3186874304783092
LyricsOnly,observed,pop rock,0.3064584949539182,0.3970020440608676
LyricsOnly,observed,90s,0.2004242202337897,0.3090039509253483
LyricsOnly,observed,80s,0.2473858034940494,0.3596491228070175
LyricsOnly,observed,experimental,0.2150510112735943,0.2995780590717299
LyricsOnly,observed,cool,0.1797222982953913,0.2822732404968009
LyricsOnly,observed,love at first listen,0.2210398289625872,0.2981366459627329
LyricsOnly,observed,amazing,0.1758953681495449,0.2732003469210755
LyricsOnly,observed,epic,0.1397935186217996,0.2137646685696162
LyricsOnly,observed,sad,0.2437048967597969,0.3254835996635828
LyricsOnly,observed,catchy,0.2605477775714596,0.3149300155520995
LyricsOnly,observed,guitar,0.1813879360562412,0.2487360970677452
LyricsOnly,observed,folk,0.2522068810277288,0.2985074626865671
LyricsOnly,observed,sexy,0.2832161592863731,0.3145756457564576
LyricsOnly,observed,soul,0.3126698728304831,0.3617571059431524
LyricsOnly,observed,acoustic,0.2035275298491494,0.2688655672163918
LyricsOnly,observed,melancholy,0.1906390246828081,0.2507956715467855
LyricsOnly,observed,heavy metal,0.2356089402006171,0.343015214384509
LyricsOnly,observed,indie pop,0.1644680346966207,0.2444733420026008
LyricsOnly,observed,punk,0.2051503524425649,0.2899628252788104
LyricsOnly,observed,6 of 10 stars,0.1228138987549165,0.1971604607554246
LyricsOnly,observed,classic,0.1873954754313171,0.2489044697633654
LyricsOnly,observed,loved,0.1222003158227724,0.2095337873232058
LyricsOnly,observed,70s,0.2333683862475976,0.3145212428662016
LyricsOnly,observed,easy listening,0.2646150781116971,0.3267605633802817
LyricsOnly,observed,ambient,0.2955550563639543,0.3956756756756757
LyricsOnly,no_audio,rock,0.6739690706641264,0.7018337699452251
LyricsOnly,no_audio,pop,0.738392211238522,0.7324796915874983
LyricsOnly,no_audio,favorites,0.5086250034070572,0.6107663077897404
LyricsOnly,no_audio,alternative,0.5563001508595389,0.6003917727717923
LyricsOnly,no_audio,indie,0.4438930664780567,0.504481967896602
LyricsOnly,no_audio,alternative rock,0.4372668671706671,0.4917267713194739
LyricsOnly,no_audio,male vocalists,0.3765150554944279,0.4655059132720105
LyricsOnly,no_audio,love,0.4402415409270555,0.4969826056088037
LyricsOnly,no_audio,awesome,0.2929068649236357,0.3961949265687583
LyricsOnly,no_audio,beautiful,0.3538071701030672,0.4409108755398508
LyricsOnly,no_audio,american,0.365010808761091,0.4450657894736842
LyricsOnly,no_audio,female vocalists,0.4420098742567441,0.5240143369175627
LyricsOnly,no_audio,seen live,0.2593903829776249,0.3572327044025157
LyricsOnly,no_audio,electronic,0.3514657512109652,0.4074754901960784
LyricsOnly,no_audio,00s,0.2958079025441117,0.4084771192798199
LyricsOnly,no_audio,metal,0.4989966310944737,0.4833333333333333
LyricsOnly,no_audio,british,0.2208437533373854,0.3163144146283543
LyricsOnly,no_audio,indie rock,0.3373540145859442,0.4104308390022675
LyricsOnly,no_audio,singer songwriter,0.3049296061883855,0.3883705793013668
LyricsOnly,no_audio,classic rock,0.3221644121815628,0.3717859624739402
LyricsOnly,no_audio,mellow,0.2948664844769512,0.3724013257005122
LyricsOnly,no_audio,dance,0.4112181654633973,0.4230082172204358
LyricsOnly,no_audio,chill,0.230313689041795,0.328780487804878
LyricsOnly,no_audio,hard rock,0.2202708560608255,0.2788794460182562
LyricsOnly,no_audio,chillout,0.2253890812925705,0.3186874304783092
LyricsOnly,no_audio,pop rock,0.3064584949539182,0.3970020440608676
LyricsOnly,no_audio,90s,0.2004242202337897,0.3090039509253483
LyricsOnly,no_audio,80s,0.2473858034940494,0.3596491228070175
LyricsOnly,no_audio,experimental,0.2150510112735943,0.2995780590717299
LyricsOnly,no_audio,cool,0.1797222982953913,0.2822732404968009
LyricsOnly,no_audio,love at first listen,0.2210398289625872,0.2981366459627329
LyricsOnly,no_audio,amazing,0.1758953681495449,0.2732003469210755
LyricsOnly,no_audio,epic,0.1397935186217996,0.2137646685696162
LyricsOnly,no_audio,sad,0.2437048967597969,0.3254835996635828
LyricsOnly,no_audio,catchy,0.2605477775714596,0.3149300155520995
LyricsOnly,no_audio,guitar,0.1813879360562412,0.2487360970677452
LyricsOnly,no_audio,folk,0.2522068810277288,0.2985074626865671
LyricsOnly,no_audio,sexy,0.2832161592863731,0.3145756457564576
LyricsOnly,no_audio,soul,0.3126698728304831,0.3617571059431524
LyricsOnly,no_audio,acoustic,0.2035275298491494,0.2688655672163918
LyricsOnly,no_audio,melancholy,0.1906390246828081,0.2507956715467855
LyricsOnly,no_audio,heavy metal,0.2356089402006171,0.343015214384509
LyricsOnly,no_audio,indie pop,0.1644680346966207,0.2444733420026008
LyricsOnly,no_audio,punk,0.2051503524425649,0.2899628252788104
LyricsOnly,no_audio,6 of 10 stars,0.1228138987549165,0.1971604607554246
LyricsOnly,no_audio,classic,0.1873954754313171,0.2489044697633654
LyricsOnly,no_audio,loved,0.1222003158227724,0.2095337873232058
LyricsOnly,no_audio,70s,0.2333683862475976,0.3145212428662016
LyricsOnly,no_audio,easy listening,0.2646150781116971,0.3267605633802817
LyricsOnly,no_audio,ambient,0.2955550563639543,0.3956756756756757
LyricsOnly,no_lyrics,rock,0.5301648544370396,0.6929512893982808
LyricsOnly,no_lyrics,pop,0.5357769203788144,0.6977275322599064
LyricsOnly,no_lyrics,favorites,0.4373903893370747,0.6085895558809176
LyricsOnly,no_lyrics,alternative,0.395475271834444,0.5667965313560387
LyricsOnly,no_lyrics,indie,0.2779726411785339,0.435021270756141
LyricsOnly,no_lyrics,alternative rock,0.253419852683269,0.4043654680285434
LyricsOnly,no_lyrics,male vocalists,0.2777972641178534,0.4348064781773263
LyricsOnly,no_lyrics,love,0.3021746755524377,0.4641077441077441
LyricsOnly,no_lyrics,awesome,0.239389687828832,0.3863025328993915
LyricsOnly,no_lyrics,beautiful,0.260610312171168,0.4134668892598775
LyricsOnly,no_lyrics,american,0.2571027709575587,0.4090401785714285
LyricsOnly,no_lyrics,female vocalists,0.3093651350403367,0.4725421912670774
LyricsOnly,no_lyrics,seen live,0.1902841108383023,0.3197288934728157
LyricsOnly,no_lyrics,electronic,0.2329007365836548,0.3778093883357041
LyricsOnly,no_lyrics,00s,0.2332514907050157,0.3782707622298066
LyricsOnly,no_lyrics,metal,0.1273237460540161,0.2258867454884878
LyricsOnly,no_lyrics,british,0.1688881094352858,0.2889722430607652
LyricsOnly,no_lyrics,indie rock,0.1778323395299894,0.3019654556283502
LyricsOnly,no_lyrics,singer songwriter,0.2088740792704314,0.3455679675032642
LyricsOnly,no_lyrics,classic rock,0.1557348298842511,0.2694992412746586
LyricsOnly,no_lyrics,mellow,0.1851981760785689,0.3125184965966262
LyricsOnly,no_lyrics,dance,0.2302700806734479,0.3743406985032074
LyricsOnly,no_lyrics,chill,0.1874780778674149,0.3157583813321518
LyricsOnly,no_lyrics,hard rock,0.108733777621887,0.1961404618791521
LyricsOnly,no_lyrics,chillout,0.1778323395299894,0.3019654556283502
LyricsOnly,no_lyrics,pop rock,0.2071203086636268,0.3431643178846433
LyricsOnly,no_lyrics,90s,0.1695896176780077,0.2899985005248163
LyricsOnly,no_lyrics,80s,0.1666082076464398,0.285628382441371
LyricsOnly,no_lyrics,experimental,0.1169764994738688,0.2094520332862302
LyricsOnly,no_lyrics,cool,0.1524026657313223,0.2644955105767767
LyricsOnly,no_lyrics,love at first listen,0.1497720098211154,0.2605247101891397
LyricsOnly,no_lyrics,amazing,0.1403016485443703,0.2460781298062134
LyricsOnly,no_lyrics,epic,0.1124166958961767,0.202112565032319
LyricsOnly,no_lyrics,sad,0.1306559102069449,0.2311152474018923
LyricsOnly,no_lyrics,catchy,0.1460890915468256,0.2549349655700076
LyricsOnly,no_lyrics,guitar,0.1078568923184847,0.1947126800696533
LyricsOnly,no_lyrics,folk,0.1034724658014731,0.1875397329942784
LyricsOnly,no_lyrics,sexy,0.1611715187653455,0.277601570759704
LyricsOnly,no_lyrics,soul,0.1376709926341634,0.2420225065515646
LyricsOnly,no_lyrics,acoustic,0.1038232199228341,0.1881156657133778
LyricsOnly,no_lyrics,melancholy,0.1104875482286916,0.1989892608970309
LyricsOnly,no_lyrics,heavy metal,0.0538407576289021,0.1021800632384756
LyricsOnly,no_lyrics,indie pop,0.0955804980708523,0.1744837522010565
LyricsOnly,no_lyrics,punk,0.1020694493160294,0.1852323360916613
LyricsOnly,no_lyrics,6 of 10 stars,0.1129428270782181,0.2029624960605105
LyricsOnly,no_lyrics,classic,0.1034724658014731,0.1875397329942784
LyricsOnly,no_lyrics,loved,0.1030971612778243,0.1878277451136183
LyricsOnly,no_lyrics,70s,0.0896176780077166,0.1644938033156285
LyricsOnly,no_lyrics,easy listening,0.1376709926341634,0.2420225065515646
LyricsOnly,no_lyrics,ambient,0.0899684321290775,0.1650844730490748
LyricsOnly,no_visual,rock,0.6739690706641264,0.7018337699452251
LyricsOnly,no_visual,pop,0.738392211238522,0.7324796915874983
LyricsOnly,no_visual,favorites,0.5086250034070572,0.6107663077897404
LyricsOnly,no_visual,alternative,0.5563001508595389,0.6003917727717923
LyricsOnly,no_visual,indie,0.4438930664780567,0.504481967896602
LyricsOnly,no_visual,alternative rock,0.4372668671706671,0.4917267713194739
LyricsOnly,no_visual,male vocalists,0.3765150554944279,0.4655059132720105
LyricsOnly,no_visual,love,0.4402415409270555,0.4969826056088037
LyricsOnly,no_visual,awesome,0.2929068649236357,0.3961949265687583
LyricsOnly,no_visual,beautiful,0.3538071701030672,0.4409108755398508
LyricsOnly,no_visual,american,0.365010808761091,0.4450657894736842
LyricsOnly,no_visual,female vocalists,0.4420098742567441,0.5240143369175627
LyricsOnly,no_visual,seen live,0.2593903829776249,0.3572327044025157
LyricsOnly,no_visual,electronic,0.3514657512109652,0.4074754901960784
LyricsOnly,no_visual,00s,0.2958079025441117,0.4084771192798199
LyricsOnly,no_visual,metal,0.4989966310944737,0.4833333333333333
LyricsOnly,no_visual,british,0.2208437533373854,0.3163144146283543
LyricsOnly,no_visual,indie rock,0.3373540145859442,0.4104308390022675
LyricsOnly,no_visual,singer songwriter,0.3049296061883855,0.3883705793013668
LyricsOnly,no_visual,classic rock,0.3221644121815628,0.3717859624739402
LyricsOnly,no_visual,mellow,0.2948664844769512,0.3724013257005122
LyricsOnly,no_visual,dance,0.4112181654633973,0.4230082172204358
LyricsOnly,no_visual,chill,0.230313689041795,0.328780487804878
LyricsOnly,no_visual,hard rock,0.2202708560608255,0.2788794460182562
LyricsOnly,no_visual,chillout,0.2253890812925705,0.3186874304783092
LyricsOnly,no_visual,pop rock,0.3064584949539182,0.3970020440608676
LyricsOnly,no_visual,90s,0.2004242202337897,0.3090039509253483
LyricsOnly,no_visual,80s,0.2473858034940494,0.3596491228070175
LyricsOnly,no_visual,experimental,0.2150510112735943,0.2995780590717299
LyricsOnly,no_visual,cool,0.1797222982953913,0.2822732404968009
LyricsOnly,no_visual,love at first listen,0.2210398289625872,0.2981366459627329
LyricsOnly,no_visual,amazing,0.1758953681495449,0.2732003469210755
LyricsOnly,no_visual,epic,0.1397935186217996,0.2137646685696162
LyricsOnly,no_visual,sad,0.2437048967597969,0.3254835996635828
LyricsOnly,no_visual,catchy,0.2605477775714596,0.3149300155520995
LyricsOnly,no_visual,guitar,0.1813879360562412,0.2487360970677452
LyricsOnly,no_visual,folk,0.2522068810277288,0.2985074626865671
LyricsOnly,no_visual,sexy,0.2832161592863731,0.3145756457564576
LyricsOnly,no_visual,soul,0.3126698728304831,0.3617571059431524
LyricsOnly,no_visual,acoustic,0.2035275298491494,0.2688655672163918
LyricsOnly,no_visual,melancholy,0.1906390246828081,0.2507956715467855
LyricsOnly,no_visual,heavy metal,0.2356089402006171,0.343015214384509
LyricsOnly,no_visual,indie pop,0.1644680346966207,0.2444733420026008
LyricsOnly,no_visual,punk,0.2051503524425649,0.2899628252788104
LyricsOnly,no_visual,6 of 10 stars,0.1228138987549165,0.1971604607554246
LyricsOnly,no_visual,classic,0.1873954754313171,0.2489044697633654
LyricsOnly,no_visual,loved,0.1222003158227724,0.2095337873232058
LyricsOnly,no_visual,70s,0.2333683862475976,0.3145212428662016
LyricsOnly,no_visual,easy listening,0.2646150781116971,0.3267605633802817
LyricsOnly,no_visual,ambient,0.2955550563639543,0.3956756756756757
LyricsOnly,random_one_missing,rock,0.6401339781580843,0.6976470588235294
LyricsOnly,random_one_missing,pop,0.6798948709961187,0.7195481966371454
LyricsOnly,random_one_missing,favorites,0.4826998510790585,0.609032903790817
LyricsOnly,random_one_missing,alternative,0.5023689536919865,0.5842962962962963
LyricsOnly,random_one_missing,indie,0.3863054440182452,0.4715848923402753
LyricsOnly,random_one_missing,alternative rock,0.3583895580448312,0.4505217704210147
LyricsOnly,random_one_missing,male vocalists,0.3371684785704339,0.4515632219313106
LyricsOnly,random_one_missing,love,0.3814183863631905,0.480496736188505
LyricsOnly,random_one_missing,awesome,0.2555941163933082,0.3917816813048933
LyricsOnly,random_one_missing,beautiful,0.3163510846252503,0.4307218611016079
LyricsOnly,random_one_missing,american,0.2973246808039734,0.4293469830929114
LyricsOnly,random_one_missing,female vocalists,0.3694909042117468,0.5023969319271333
LyricsOnly,random_one_missing,seen live,0.211095778692348,0.3408219178082192
LyricsOnly,random_one_missing,electronic,0.2857778079289813,0.3849480968858131
LyricsOnly,random_one_missing,00s,0.2433340779333847,0.3935864978902954
LyricsOnly,random_one_missing,metal,0.3607427981146598,0.3088280529067979
LyricsOnly,random_one_missing,british,0.1770629401775618,0.2992902208201893
LyricsOnly,random_one_missing,indie rock,0.2571508589319185,0.3491379310344827
LyricsOnly,random_one_missing,singer songwriter,0.2618353967462429,0.3689069423929099
LyricsOnly,random_one_missing,classic rock,0.2642879696229136,0.3184317475496055
LyricsOnly,random_one_missing,mellow,0.2424262073524688,0.3384072358261636
LyricsOnly,random_one_missing,dance,0.3287040760865635,0.3926011560693642
LyricsOnly,random_one_missing,chill,0.1906336305824237,0.3188005523771947
LyricsOnly,random_one_missing,hard rock,0.1596605647613531,0.2354853692522062
LyricsOnly,random_one_missing,chillout,0.195409628865196,0.3133757961783439
LyricsOnly,random_one_missing,pop rock,0.2337783653690928,0.3682515627959841
LyricsOnly,random_one_missing,90s,0.1753000125589948,0.2991234477720964
LyricsOnly,random_one_missing,80s,0.1981331178790873,0.3246806757313555
LyricsOnly,random_one_missing,experimental,0.1572880161021355,0.2420418698021221
LyricsOnly,random_one_missing,cool,0.1575306891273664,0.2742440041710114
LyricsOnly,random_one_missing,love at first listen,0.1601370993543698,0.2741459299873471
LyricsOnly,random_one_missing,amazing,0.1467045552910468,0.262251655629139
LyricsOnly,random_one_missing,epic,0.1173857162175112,0.2101094805497321
LyricsOnly,random_one_missing,sad,0.1773795069771028,0.2670499085445518
LyricsOnly,random_one_missing,catchy,0.1868852259260948,0.2857142857142857
LyricsOnly,random_one_missing,guitar,0.1315714784851815,0.2170878459687124
LyricsOnly,random_one_missing,folk,0.1898851331597721,0.2265351574928412
LyricsOnly,random_one_missing,sexy,0.1992812133205206,0.2907069102462272
LyricsOnly,random_one_missing,soul,0.2267473064335985,0.2836322869955157
LyricsOnly,random_one_missing,acoustic,0.1521594884509181,0.2225998300764655
LyricsOnly,random_one_missing,melancholy,0.1463136011806228,0.2153563780972774
LyricsOnly,random_one_missing,heavy metal,0.1457592997409031,0.1531463229719484
LyricsOnly,random_one_missing,indie pop,0.1156323016380143,0.2044698050404184
LyricsOnly,random_one_missing,punk,0.1271948474460165,0.2199502625034539
LyricsOnly,random_one_missing,6 of 10 stars,0.1171299830324371,0.2026998071566316
LyricsOnly,random_one_missing,classic,0.1305001959502709,0.2172385841664415
LyricsOnly,random_one_missing,loved,0.1093513621315041,0.2006403415154749
LyricsOnly,random_one_missing,70s,0.1755609446573053,0.2129773362309841
LyricsOnly,random_one_missing,easy listening,0.1842850298716299,0.2845445240532241
LyricsOnly,random_one_missing,ambient,0.2033599855318406,0.2077004592016955
LyricsOnly,random_two_missing,rock,0.594926030232577,0.6966135226347027
LyricsOnly,random_two_missing,pop,0.6214311561817264,0.7083939835031539
LyricsOnly,random_two_missing,favorites,0.4583996121088859,0.6099343490647838
LyricsOnly,random_two_missing,alternative,0.4575605183311906,0.5770392749244713
LyricsOnly,random_two_missing,indie,0.3371508642235466,0.4519774011299435
LyricsOnly,random_two_missing,alternative rock,0.3134624496140387,0.4288230584467574
LyricsOnly,random_two_missing,male vocalists,0.3082140917433803,0.4442172897196261
LyricsOnly,random_two_missing,love,0.3392103891981204,0.4714896124944747
LyricsOnly,random_two_missing,awesome,0.2376899350695789,0.3894310163639093
LyricsOnly,random_two_missing,beautiful,0.2813771313327023,0.4224473889321902
LyricsOnly,random_two_missing,american,0.2661108539163631,0.4204931345046508
LyricsOnly,random_two_missing,female vocalists,0.3259394086711705,0.4831840211484799
LyricsOnly,random_two_missing,seen live,0.1964929835722176,0.3305154980938173
LyricsOnly,random_two_missing,electronic,0.2564701040759723,0.3817733990147783
LyricsOnly,random_two_missing,00s,0.2350120125757532,0.3842672077415327
LyricsOnly,random_two_missing,metal,0.2355248728361205,0.2508108108108108
LyricsOnly,random_two_missing,british,0.1758732145213469,0.2986675895483647
LyricsOnly,random_two_missing,indie rock,0.223344829730852,0.3241007194244604
LyricsOnly,random_two_missing,singer songwriter,0.232442037987883,0.3521266073194856
LyricsOnly,random_two_missing,classic rock,0.2045133280407715,0.2846826301786393
LyricsOnly,random_two_missing,mellow,0.2114090863927579,0.3243636363636363
LyricsOnly,random_two_missing,dance,0.2722757265962996,0.380279137212253
LyricsOnly,random_two_missing,chill,0.1854604803441048,0.3172960855319883
LyricsOnly,random_two_missing,hard rock,0.136647904060584,0.2130040517075053
LyricsOnly,random_two_missing,chillout,0.1789758144975388,0.3005199928276851
LyricsOnly,random_two_missing,pop rock,0.2172404237875179,0.353784594864955
LyricsOnly,random_two_missing,90s,0.1697754105413909,0.2958520739630185
LyricsOnly,random_two_missing,80s,0.1830679071047652,0.3019600918241215
LyricsOnly,random_two_missing,experimental,0.1329802277270975,0.2200674536256323
LyricsOnly,random_two_missing,cool,0.1547752134843348,0.2717940361740264
LyricsOnly,random_two_missing,love at first listen,0.1438933499155084,0.262987012987013
LyricsOnly,random_two_missing,amazing,0.1365355916657763,0.2532389013646571
LyricsOnly,random_two_missing,epic,0.1106592999284317,0.1965696666024282
LyricsOnly,random_two_missing,sad,0.1553570125562458,0.2480839048003227
LyricsOnly,random_two_missing,catchy,0.1480046914534312,0.2598163703848408
LyricsOnly,random_two_missing,guitar,0.1168204924567721,0.2052980132450331
LyricsOnly,random_two_missing,folk,0.1371050381986914,0.1930057547587428
LyricsOnly,random_two_missing,sexy,0.1846326134439731,0.2877611940298507
LyricsOnly,random_two_missing,soul,0.1755384205288357,0.2546277252159605
LyricsOnly,random_two_missing,acoustic,0.1196920709393772,0.1911392405063291
LyricsOnly,random_two_missing,melancholy,0.1246702376188731,0.207690636541386
LyricsOnly,random_two_missing,heavy metal,0.0967873781596186,0.1171303074670571
LyricsOnly,random_two_missing,indie pop,0.1062316248012345,0.1855710634951838
LyricsOnly,random_two_missing,punk,0.1096696597329718,0.2025
LyricsOnly,random_two_missing,6 of 10 stars,0.1131004244500644,0.2013323464100666
LyricsOnly,random_two_missing,classic,0.1131768753137435,0.1957552029672367
LyricsOnly,random_two_missing,loved,0.1022664164939296,0.192079940784604
LyricsOnly,random_two_missing,70s,0.1232791629899999,0.184730144800351
LyricsOnly,random_two_missing,easy listening,0.1612965498929567,0.2548707753479125
LyricsOnly,random_two_missing,ambient,0.1440027044082082,0.1816075978688904
VisualOnly,observed,rock,0.6953899262260428,0.7009857612267251
VisualOnly,observed,pop,0.7767475547707954,0.7296255506607929
VisualOnly,observed,favorites,0.5976837097730869,0.6272582359192349
VisualOnly,observed,alternative,0.5524872771068587,0.5790675802767701
VisualOnly,observed,indie,0.4250802104107968,0.4698435027255143
VisualOnly,observed,alternative rock,0.4341228948763098,0.4496747034060467
VisualOnly,observed,male vocalists,0.4581982419734247,0.5028225806451613
VisualOnly,observed,love,0.454684818554171,0.5062474808544941
VisualOnly,observed,awesome,0.3610472619472022,0.4134918709051201
VisualOnly,observed,beautiful,0.3675778829437718,0.4395806510943535
VisualOnly,observed,american,0.3360759028918061,0.4306282722513089
VisualOnly,observed,female vocalists,0.6620710012996835,0.6177387361858884
VisualOnly,observed,seen live,0.3313633369785094,0.3750592697961119
VisualOnly,observed,electronic,0.338425438010002,0.4163118978265741
VisualOnly,observed,00s,0.4183240819354313,0.4527913558013892
VisualOnly,observed,metal,0.4178883708559976,0.4142757172848145
VisualOnly,observed,british,0.2600274288204356,0.3161260849703061
VisualOnly,observed,indie rock,0.3221612547961883,0.3560316245855649
VisualOnly,observed,singer songwriter,0.3505240767722887,0.4087658592848904
VisualOnly,observed,classic rock,0.3636871566473143,0.3853459972862958
VisualOnly,observed,mellow,0.2990743680285698,0.365418118466899
VisualOnly,observed,dance,0.4483542607575513,0.4401459854014598
VisualOnly,observed,chill,0.2622581356446304,0.3421284080914687
VisualOnly,observed,hard rock,0.2589233902526535,0.2825174825174825
VisualOnly,observed,chillout,0.268548933223517,0.342304060434372
VisualOnly,observed,pop rock,0.3537997324481585,0.3836028582173749
VisualOnly,observed,90s,0.3253721030018783,0.349691257718557
VisualOnly,observed,80s,0.4460400665973924,0.4102054340622929
VisualOnly,observed,experimental,0.1890963433232619,0.2519877675840978
VisualOnly,observed,cool,0.2443935416057589,0.3079545454545455
VisualOnly,observed,love at first listen,0.2944865293089821,0.3118018455560952
VisualOnly,observed,amazing,0.2184695458342187,0.2851282051282051
VisualOnly,observed,epic,0.1771667352314888,0.2352941176470588
VisualOnly,observed,sad,0.2266518290311753,0.2722654927192685
VisualOnly,observed,catchy,0.3006655219077817,0.3416506717850288
VisualOnly,observed,guitar,0.2041011969848703,0.2555094219099329
VisualOnly,observed,folk,0.1968256483236613,0.2515923566878981
VisualOnly,observed,sexy,0.2977700611115117,0.3467336683417085
VisualOnly,observed,soul,0.2953166412200676,0.3493150684931507
VisualOnly,observed,acoustic,0.2167973288611965,0.252897068847989
VisualOnly,observed,melancholy,0.1816009248493698,0.2524839275277615
VisualOnly,observed,heavy metal,0.2192559269421845,0.306477093206951
VisualOnly,observed,indie pop,0.1572139872359353,0.2345465049104564
VisualOnly,observed,punk,0.2308169087295408,0.2735908803039898
VisualOnly,observed,6 of 10 stars,0.1319465160580847,0.2033898305084746
VisualOnly,observed,classic,0.257733094991334,0.2861924686192468
VisualOnly,observed,loved,0.1492887570443411,0.2223006351446718
VisualOnly,observed,70s,0.2657541645199167,0.3070866141732283
VisualOnly,observed,easy listening,0.2744254605291643,0.3301158301158301
VisualOnly,observed,ambient,0.1989731021656837,0.2425106990014265
VisualOnly,no_audio,rock,0.6953899262260428,0.7009857612267251
VisualOnly,no_audio,pop,0.7767475547707954,0.7296255506607929
VisualOnly,no_audio,favorites,0.5976837097730869,0.6272582359192349
VisualOnly,no_audio,alternative,0.5524872771068587,0.5790675802767701
VisualOnly,no_audio,indie,0.4250802104107968,0.4698435027255143
VisualOnly,no_audio,alternative rock,0.4341228948763098,0.4496747034060467
VisualOnly,no_audio,male vocalists,0.4581982419734247,0.5028225806451613
VisualOnly,no_audio,love,0.454684818554171,0.5062474808544941
VisualOnly,no_audio,awesome,0.3610472619472022,0.4134918709051201
VisualOnly,no_audio,beautiful,0.3675778829437718,0.4395806510943535
VisualOnly,no_audio,american,0.3360759028918061,0.4306282722513089
VisualOnly,no_audio,female vocalists,0.6620710012996835,0.6177387361858884
VisualOnly,no_audio,seen live,0.3313633369785094,0.3750592697961119
VisualOnly,no_audio,electronic,0.338425438010002,0.4163118978265741
VisualOnly,no_audio,00s,0.4183240819354313,0.4527913558013892
VisualOnly,no_audio,metal,0.4178883708559976,0.4142757172848145
VisualOnly,no_audio,british,0.2600274288204356,0.3161260849703061
VisualOnly,no_audio,indie rock,0.3221612547961883,0.3560316245855649
VisualOnly,no_audio,singer songwriter,0.3505240767722887,0.4087658592848904
VisualOnly,no_audio,classic rock,0.3636871566473143,0.3853459972862958
VisualOnly,no_audio,mellow,0.2990743680285698,0.365418118466899
VisualOnly,no_audio,dance,0.4483542607575513,0.4401459854014598
VisualOnly,no_audio,chill,0.2622581356446304,0.3421284080914687
VisualOnly,no_audio,hard rock,0.2589233902526535,0.2825174825174825
VisualOnly,no_audio,chillout,0.268548933223517,0.342304060434372
VisualOnly,no_audio,pop rock,0.3537997324481585,0.3836028582173749
VisualOnly,no_audio,90s,0.3253721030018783,0.349691257718557
VisualOnly,no_audio,80s,0.4460400665973924,0.4102054340622929
VisualOnly,no_audio,experimental,0.1890963433232619,0.2519877675840978
VisualOnly,no_audio,cool,0.2443935416057589,0.3079545454545455
VisualOnly,no_audio,love at first listen,0.2944865293089821,0.3118018455560952
VisualOnly,no_audio,amazing,0.2184695458342187,0.2851282051282051
VisualOnly,no_audio,epic,0.1771667352314888,0.2352941176470588
VisualOnly,no_audio,sad,0.2266518290311753,0.2722654927192685
VisualOnly,no_audio,catchy,0.3006655219077817,0.3416506717850288
VisualOnly,no_audio,guitar,0.2041011969848703,0.2555094219099329
VisualOnly,no_audio,folk,0.1968256483236613,0.2515923566878981
VisualOnly,no_audio,sexy,0.2977700611115117,0.3467336683417085
VisualOnly,no_audio,soul,0.2953166412200676,0.3493150684931507
VisualOnly,no_audio,acoustic,0.2167973288611965,0.252897068847989
VisualOnly,no_audio,melancholy,0.1816009248493698,0.2524839275277615
VisualOnly,no_audio,heavy metal,0.2192559269421845,0.306477093206951
VisualOnly,no_audio,indie pop,0.1572139872359353,0.2345465049104564
VisualOnly,no_audio,punk,0.2308169087295408,0.2735908803039898
VisualOnly,no_audio,6 of 10 stars,0.1319465160580847,0.2033898305084746
VisualOnly,no_audio,classic,0.257733094991334,0.2861924686192468
VisualOnly,no_audio,loved,0.1492887570443411,0.2223006351446718
VisualOnly,no_audio,70s,0.2657541645199167,0.3070866141732283
VisualOnly,no_audio,easy listening,0.2744254605291643,0.3301158301158301
VisualOnly,no_audio,ambient,0.1989731021656837,0.2425106990014265
VisualOnly,no_lyrics,rock,0.6953899262260428,0.7009857612267251
VisualOnly,no_lyrics,pop,0.7767475547707954,0.7296255506607929
VisualOnly,no_lyrics,favorites,0.5976837097730869,0.6272582359192349
VisualOnly,no_lyrics,alternative,0.5524872771068587,0.5790675802767701
VisualOnly,no_lyrics,indie,0.4250802104107968,0.4698435027255143
VisualOnly,no_lyrics,alternative rock,0.4341228948763098,0.4496747034060467
VisualOnly,no_lyrics,male vocalists,0.4581982419734247,0.5028225806451613
VisualOnly,no_lyrics,love,0.454684818554171,0.5062474808544941
VisualOnly,no_lyrics,awesome,0.3610472619472022,0.4134918709051201
VisualOnly,no_lyrics,beautiful,0.3675778829437718,0.4395806510943535
VisualOnly,no_lyrics,american,0.3360759028918061,0.4306282722513089
VisualOnly,no_lyrics,female vocalists,0.6620710012996835,0.6177387361858884
VisualOnly,no_lyrics,seen live,0.3313633369785094,0.3750592697961119
VisualOnly,no_lyrics,electronic,0.338425438010002,0.4163118978265741
VisualOnly,no_lyrics,00s,0.4183240819354313,0.4527913558013892
VisualOnly,no_lyrics,metal,0.4178883708559976,0.4142757172848145
VisualOnly,no_lyrics,british,0.2600274288204356,0.3161260849703061
VisualOnly,no_lyrics,indie rock,0.3221612547961883,0.3560316245855649
VisualOnly,no_lyrics,singer songwriter,0.3505240767722887,0.4087658592848904
VisualOnly,no_lyrics,classic rock,0.3636871566473143,0.3853459972862958
VisualOnly,no_lyrics,mellow,0.2990743680285698,0.365418118466899
VisualOnly,no_lyrics,dance,0.4483542607575513,0.4401459854014598
VisualOnly,no_lyrics,chill,0.2622581356446304,0.3421284080914687
VisualOnly,no_lyrics,hard rock,0.2589233902526535,0.2825174825174825
VisualOnly,no_lyrics,chillout,0.268548933223517,0.342304060434372
VisualOnly,no_lyrics,pop rock,0.3537997324481585,0.3836028582173749
VisualOnly,no_lyrics,90s,0.3253721030018783,0.349691257718557
VisualOnly,no_lyrics,80s,0.4460400665973924,0.4102054340622929
VisualOnly,no_lyrics,experimental,0.1890963433232619,0.2519877675840978
VisualOnly,no_lyrics,cool,0.2443935416057589,0.3079545454545455
VisualOnly,no_lyrics,love at first listen,0.2944865293089821,0.3118018455560952
VisualOnly,no_lyrics,amazing,0.2184695458342187,0.2851282051282051
VisualOnly,no_lyrics,epic,0.1771667352314888,0.2352941176470588
VisualOnly,no_lyrics,sad,0.2266518290311753,0.2722654927192685
VisualOnly,no_lyrics,catchy,0.3006655219077817,0.3416506717850288
VisualOnly,no_lyrics,guitar,0.2041011969848703,0.2555094219099329
VisualOnly,no_lyrics,folk,0.1968256483236613,0.2515923566878981
VisualOnly,no_lyrics,sexy,0.2977700611115117,0.3467336683417085
VisualOnly,no_lyrics,soul,0.2953166412200676,0.3493150684931507
VisualOnly,no_lyrics,acoustic,0.2167973288611965,0.252897068847989
VisualOnly,no_lyrics,melancholy,0.1816009248493698,0.2524839275277615
VisualOnly,no_lyrics,heavy metal,0.2192559269421845,0.306477093206951
VisualOnly,no_lyrics,indie pop,0.1572139872359353,0.2345465049104564
VisualOnly,no_lyrics,punk,0.2308169087295408,0.2735908803039898
VisualOnly,no_lyrics,6 of 10 stars,0.1319465160580847,0.2033898305084746
VisualOnly,no_lyrics,classic,0.257733094991334,0.2861924686192468
VisualOnly,no_lyrics,loved,0.1492887570443411,0.2223006351446718
VisualOnly,no_lyrics,70s,0.2657541645199167,0.3070866141732283
VisualOnly,no_lyrics,easy listening,0.2744254605291643,0.3301158301158301
VisualOnly,no_lyrics,ambient,0.1989731021656837,0.2425106990014265
VisualOnly,no_visual,rock,0.5301648544370396,0.6929512893982808
VisualOnly,no_visual,pop,0.5357769203788144,0.6977275322599064
VisualOnly,no_visual,favorites,0.4373903893370747,0.6085895558809176
VisualOnly,no_visual,alternative,0.395475271834444,0.5667965313560387
VisualOnly,no_visual,indie,0.2779726411785339,0.435021270756141
VisualOnly,no_visual,alternative rock,0.253419852683269,0.4043654680285434
VisualOnly,no_visual,male vocalists,0.2777972641178534,0.4348064781773263
VisualOnly,no_visual,love,0.3021746755524377,0.4641077441077441
VisualOnly,no_visual,awesome,0.239389687828832,0.3863025328993915
VisualOnly,no_visual,beautiful,0.260610312171168,0.4134668892598775
VisualOnly,no_visual,american,0.2559909309743965,0.4090401785714285
VisualOnly,no_visual,female vocalists,0.3093651350403367,0.0
VisualOnly,no_visual,seen live,0.1890212860750411,0.3197288934728157
VisualOnly,no_visual,electronic,0.2329007365836548,0.3778093883357041
VisualOnly,no_visual,00s,0.2332514907050157,0.3782707622298066
VisualOnly,no_visual,metal,0.1273237460540161,0.0
VisualOnly,no_visual,british,0.1661834784923391,0.2889722430607652
VisualOnly,no_visual,indie rock,0.1778323395299894,0.3019654556283502
VisualOnly,no_visual,singer songwriter,0.2088740792704314,0.3455679675032642
VisualOnly,no_visual,classic rock,0.1553217589997019,0.2694992412746586
VisualOnly,no_visual,mellow,0.1851981760785689,0.3125184965966262
VisualOnly,no_visual,dance,0.2302700806734479,0.0
VisualOnly,no_visual,chill,0.1874780778674149,0.3157583813321518
VisualOnly,no_visual,hard rock,0.108733777621887,0.0
VisualOnly,no_visual,chillout,0.1778323395299894,0.3019654556283502
VisualOnly,no_visual,pop rock,0.2071203086636268,0.0
VisualOnly,no_visual,90s,0.1695896176780077,0.2899985005248163
VisualOnly,no_visual,80s,0.1666082076464398,0.285628382441371
VisualOnly,no_visual,experimental,0.1169764994738688,0.2094520332862302
VisualOnly,no_visual,cool,0.1524026657313223,0.2644955105767767
VisualOnly,no_visual,love at first listen,0.1497720098211154,0.0
VisualOnly,no_visual,amazing,0.1403016485443703,0.0
VisualOnly,no_visual,epic,0.1116209852187712,0.0
VisualOnly,no_visual,sad,0.1306559102069449,0.2311152474018923
VisualOnly,no_visual,catchy,0.1460890915468256,0.0
VisualOnly,no_visual,guitar,0.1078568923184847,0.1947126800696533
VisualOnly,no_visual,folk,0.1034724658014731,0.1875397329942784
VisualOnly,no_visual,sexy,0.1611715187653455,0.0
VisualOnly,no_visual,soul,0.1376709926341634,0.0
VisualOnly,no_visual,acoustic,0.1038232199228341,0.1881156657133778
VisualOnly,no_visual,melancholy,0.1104875482286916,0.0
VisualOnly,no_visual,heavy metal,0.0540760766819774,0.0
VisualOnly,no_visual,indie pop,0.0955804980708523,0.0
VisualOnly,no_visual,punk,0.1020694493160294,0.0
VisualOnly,no_visual,6 of 10 stars,0.1129428270782181,0.2029624960605105
VisualOnly,no_visual,classic,0.1034724658014731,0.1875397329942784
VisualOnly,no_visual,loved,0.1036478428621536,0.1878277451136183
VisualOnly,no_visual,70s,0.0894701921417005,0.0
VisualOnly,no_visual,easy listening,0.1376709926341634,0.0
VisualOnly,no_visual,ambient,0.0899684321290775,0.0
VisualOnly,random_one_missing,rock,0.6503184104038501,0.6980345443716498
VisualOnly,random_one_missing,pop,0.7214541067441655,0.7222365369750064
VisualOnly,random_one_missing,favorites,0.5509775019899464,0.62156229825694
VisualOnly,random_one_missing,alternative,0.5072793934554485,0.5731947915296594
VisualOnly,random_one_missing,indie,0.3910947954557806,0.4553528176974002
VisualOnly,random_one_missing,alternative rock,0.376419310883573,0.4341005967604433
VisualOnly,random_one_missing,male vocalists,0.4132058327160582,0.4735921650926897
VisualOnly,random_one_missing,love,0.4225174984197185,0.4916046390860308
VisualOnly,random_one_missing,awesome,0.3249536879825067,0.3993723028638681
VisualOnly,random_one_missing,beautiful,0.3385501730291931,0.4297135243171219
VisualOnly,random_one_missing,american,0.3181552581472499,0.4232378001549187
VisualOnly,random_one_missing,female vocalists,0.5612656229028766,0.4858216604031432
VisualOnly,random_one_missing,seen live,0.2828217605885931,0.3506133755441235
VisualOnly,random_one_missing,electronic,0.3045439235714654,0.3970671178793006
VisualOnly,random_one_missing,00s,0.3621164389019471,0.4167843453701836
VisualOnly,random_one_missing,metal,0.3169750668912887,0.342809364548495
VisualOnly,random_one_missing,british,0.2286784689222664,0.3048065650644783
VisualOnly,random_one_missing,indie rock,0.2748933130402959,0.3275362318840579
VisualOnly,random_one_missing,singer songwriter,0.3095188129092828,0.378922898101511
VisualOnly,random_one_missing,classic rock,0.2916125170876822,0.3281703775411423
VisualOnly,random_one_missing,mellow,0.2702117333861356,0.3462191212521214
VisualOnly,random_one_missing,dance,0.397597384434242,0.3793706293706294
VisualOnly,random_one_missing,chill,0.2432927945177239,0.3278626674212412
VisualOnly,random_one_missing,hard rock,0.2077387159371239,0.2282229965156794
VisualOnly,random_one_missing,chillout,0.2409185689138405,0.325039494470774
VisualOnly,random_one_missing,pop rock,0.3142085927777754,0.3140495867768595
VisualOnly,random_one_missing,90s,0.2745606428709824,0.32018779342723
VisualOnly,random_one_missing,80s,0.3653761363164673,0.3546774577481552
VisualOnly,random_one_missing,experimental,0.1623717781391428,0.2340574632095304
VisualOnly,random_one_missing,cool,0.2169243928788239,0.2824360105913504
VisualOnly,random_one_missing,love at first listen,0.2531926178376181,0.2725642558278541
VisualOnly,random_one_missing,amazing,0.1946206852996432,0.240764331210191
VisualOnly,random_one_missing,epic,0.1517593735428381,0.1918649270913277
VisualOnly,random_one_missing,sad,0.1915695423413023,0.2549258088056434
VisualOnly,random_one_missing,catchy,0.2662329308613868,0.3005917159763314
VisualOnly,random_one_missing,guitar,0.1786752680071607,0.2279817614590832
VisualOnly,random_one_missing,folk,0.170369515074558,0.2119347069842119
VisualOnly,random_one_missing,sexy,0.2545355044816303,0.2803398058252427
VisualOnly,random_one_missing,soul,0.2427072813819628,0.2959369314736204
VisualOnly,random_one_missing,acoustic,0.1930933383509184,0.2213399503722084
VisualOnly,random_one_missing,melancholy,0.1573559748851424,0.2103703703703703
VisualOnly,random_one_missing,heavy metal,0.1505040580456622,0.2431372549019607
VisualOnly,random_one_missing,indie pop,0.1361618327036715,0.2077151335311572
VisualOnly,random_one_missing,punk,0.1876681094019783,0.2336
VisualOnly,random_one_missing,6 of 10 stars,0.1196537959539971,0.1997458703939008
VisualOnly,random_one_missing,classic,0.1964819081400862,0.2298034934497816
VisualOnly,random_one_missing,loved,0.1315003745187741,0.2003523785552479
VisualOnly,random_one_missing,70s,0.2159807409806047,0.2621648460774577
VisualOnly,random_one_missing,easy listening,0.2420258323731943,0.2902246508803885
VisualOnly,random_one_missing,ambient,0.1614929943222005,0.2103354487760652
VisualOnly,random_two_missing,rock,0.5844965062714239,0.6948795884966098
VisualOnly,random_two_missing,pop,0.6273486880511453,0.7082475475354245
VisualOnly,random_two_missing,favorites,0.4849216812191048,0.6133400200601805
VisualOnly,random_two_missing,alternative,0.453160176275197,0.5725288831835686
VisualOnly,random_two_missing,indie,0.3240778210765104,0.4453321497262908
VisualOnly,random_two_missing,alternative rock,0.3085624634048219,0.4155524819425234
VisualOnly,random_two_missing,male vocalists,0.3253326374934497,0.4493865030674847
VisualOnly,random_two_missing,love,0.3575708565978988,0.4764350453172205
VisualOnly,random_two_missing,awesome,0.2756143566043523,0.3940190601380217
VisualOnly,random_two_missing,beautiful,0.2913968328901363,0.4195062850219597
VisualOnly,random_two_missing,american,0.2851116276260257,0.4145839458982652
VisualOnly,random_two_missing,female vocalists,0.4370698536988287,0.310828025477707
VisualOnly,random_two_missing,seen live,0.2257030628895182,0.3317023789438164
VisualOnly,random_two_missing,electronic,0.2653277291411587,0.3875768359754125
VisualOnly,random_two_missing,00s,0.2926367240235608,0.3973995665944324
VisualOnly,random_two_missing,metal,0.2191544602311528,0.1985216473072861
VisualOnly,random_two_missing,british,0.1833673656035124,0.2918077183480027
VisualOnly,random_two_missing,indie rock,0.2178382922587605,0.3107266435986159
VisualOnly,random_two_missing,singer songwriter,0.2507431409254718,0.3614417989417989
VisualOnly,random_two_missing,classic rock,0.2105337760672299,0.2869871913866716
VisualOnly,random_two_missing,mellow,0.2210221573436636,0.3264222922541052
VisualOnly,random_two_missing,dance,0.3084516204994518,0.226457399103139
VisualOnly,random_two_missing,chill,0.2061973753668479,0.3222166915546706
VisualOnly,random_two_missing,hard rock,0.1599535645208451,0.1603563474387528
VisualOnly,random_two_missing,chillout,0.2114060671269717,0.3095681625740897
VisualOnly,random_two_missing,pop rock,0.2461095982542024,0.1696750902527075
VisualOnly,random_two_missing,90s,0.2229225709018062,0.2918486171761281
VisualOnly,random_two_missing,80s,0.2483445413885475,0.3065106071689831
VisualOnly,random_two_missing,experimental,0.1424027029213208,0.2202758106597092
VisualOnly,random_two_missing,cool,0.1829276984478483,0.2699210337401292
VisualOnly,random_two_missing,love at first listen,0.2047699181974207,0.1588330632090761
VisualOnly,random_two_missing,amazing,0.1596181701310358,0.1338983050847457
VisualOnly,random_two_missing,epic,0.1406046211381141,0.1331923890063425
VisualOnly,random_two_missing,sad,0.1649312293713011,0.2388172858225928
VisualOnly,random_two_missing,catchy,0.2032811681134921,0.1887390959555908
VisualOnly,random_two_missing,guitar,0.1288151597104798,0.2074862245867376
VisualOnly,random_two_missing,folk,0.1305400999966159,0.193792280143255
VisualOnly,random_two_missing,sexy,0.2061564745206266,0.1752170481452249
VisualOnly,random_two_missing,soul,0.1918153651258573,0.2001668056713928
VisualOnly,random_two_missing,acoustic,0.1380230081858494,0.2020514805496419
VisualOnly,random_two_missing,melancholy,0.1298644297831515,0.1342828077314344
VisualOnly,random_two_missing,heavy metal,0.1141610982463562,0.1662591687041564
VisualOnly,random_two_missing,indie pop,0.1166253527936504,0.1311827956989247
VisualOnly,random_two_missing,punk,0.1423238896505693,0.1661202185792349
VisualOnly,random_two_missing,6 of 10 stars,0.1213998587236763,0.2036391792489353
VisualOnly,random_two_missing,classic,0.1328571185263451,0.2025922233300099
VisualOnly,random_two_missing,loved,0.1184160131612129,0.1969696969696969
VisualOnly,random_two_missing,70s,0.143185374391276,0.1756756756756756
VisualOnly,random_two_missing,easy listening,0.1815598840549722,0.1756420878210439
VisualOnly,random_two_missing,ambient,0.131384075184847,0.1617647058823529
UniformMean,observed,rock,0.7916745604176485,0.7474777448071217
UniformMean,observed,pop,0.8523039750408781,0.7798723897911833
UniformMean,observed,favorites,0.6361127099644333,0.644808743169399
UniformMean,observed,alternative,0.6708362223485824,0.6448679839132716
UniformMean,observed,indie,0.5717951235001664,0.5703294061072374
UniformMean,observed,alternative rock,0.6335742628423965,0.5949055053410025
UniformMean,observed,male vocalists,0.5661529981979647,0.5837093327000712
UniformMean,observed,love,0.5205948486751212,0.5325342465753424
UniformMean,observed,awesome,0.4232477929853829,0.4564158094206821
UniformMean,observed,beautiful,0.455365061227843,0.5065616797900262
UniformMean,observed,american,0.4125345625041459,0.4599417334304442
UniformMean,observed,female vocalists,0.7802301052826999,0.7490102929532858
UniformMean,observed,seen live,0.4227081392196608,0.4337612674132751
UniformMean,observed,electronic,0.6094798922134501,0.5814275814275814
UniformMean,observed,00s,0.4537657216388127,0.4948216340621404
UniformMean,observed,metal,0.6756802217030058,0.6378299120234604
UniformMean,observed,british,0.3075895801416658,0.3684007707129094
UniformMean,observed,indie rock,0.5443946917038608,0.5352469396369777
UniformMean,observed,singer songwriter,0.4505367483733785,0.4596443228454172
UniformMean,observed,classic rock,0.5325355026545021,0.5225582548339117
UniformMean,observed,mellow,0.4384429867053702,0.4821878373515653
UniformMean,observed,dance,0.60389162153246,0.5764750093949643
UniformMean,observed,chill,0.3315809416706731,0.3841019417475728
UniformMean,observed,hard rock,0.44614236485859,0.4635761589403973
UniformMean,observed,chillout,0.3454763223387218,0.4088073394495413
UniformMean,observed,pop rock,0.448378264507028,0.4664879356568364
UniformMean,observed,90s,0.3692640522508683,0.4065225635191505
UniformMean,observed,80s,0.5757330652557698,0.5504335919671383
UniformMean,observed,experimental,0.2657373127453059,0.3277861825516893
UniformMean,observed,cool,0.2585051660522601,0.3151750972762646
UniformMean,observed,love at first listen,0.3098428106359966,0.364998029168309
UniformMean,observed,amazing,0.2343368269627098,0.3003109729009329
UniformMean,observed,epic,0.2038151785225852,0.2782992821645499
UniformMean,observed,sad,0.3468289777702625,0.390816871329418
UniformMean,observed,catchy,0.3515713703705148,0.3973451327433628
UniformMean,observed,guitar,0.261865518263858,0.3207245604688332
UniformMean,observed,folk,0.429124640089768,0.4293865905848787
UniformMean,observed,sexy,0.364089257113641,0.3901384083044982
UniformMean,observed,soul,0.4715448890152506,0.4644836272040302
UniformMean,observed,acoustic,0.3810338890912152,0.4089979550102249
UniformMean,observed,melancholy,0.2909199156149457,0.3303834808259587
UniformMean,observed,heavy metal,0.3741566239756973,0.4294478527607362
UniformMean,observed,indie pop,0.2374718458276347,0.3157894736842105
UniformMean,observed,punk,0.4552827477495869,0.5026656511805027
UniformMean,observed,6 of 10 stars,0.1476818549185121,0.1977900552486187
UniformMean,observed,classic,0.279156982031752,0.3660864682762493
UniformMean,observed,loved,0.1690203737416091,0.2431660546715626
UniformMean,observed,70s,0.4127579085683886,0.4818897637795276
UniformMean,observed,easy listening,0.3457619748135342,0.4083457526080477
UniformMean,observed,ambient,0.460126898204922,0.4448529411764705
UniformMean,no_audio,rock,0.7215736657911178,0.6966359933624982
UniformMean,no_audio,pop,0.80110895607745,0.7280125195618153
UniformMean,no_audio,favorites,0.6004921217960628,0.6089125374127037
UniformMean,no_audio,alternative,0.600530593628962,0.607211354046797
UniformMean,no_audio,indie,0.495187603357235,0.5257452574525745
UniformMean,no_audio,alternative rock,0.4983093711809817,0.498383779018513
UniformMean,no_audio,male vocalists,0.4814565372833624,0.5042362002567394
UniformMean,no_audio,love,0.4886835532625002,0.4960205391527599
UniformMean,no_audio,awesome,0.3644797616550241,0.4024587512131996
UniformMean,no_audio,beautiful,0.3830101518732798,0.3791637136782423
UniformMean,no_audio,american,0.3793501807974981,0.45344295991778
UniformMean,no_audio,female vocalists,0.6592433939924189,0.61557478368356
UniformMean,no_audio,seen live,0.3353999395416267,0.3901954289499834
UniformMean,no_audio,electronic,0.4075856698325041,0.3597643860444042
UniformMean,no_audio,00s,0.4076312228682479,0.4385026737967914
UniformMean,no_audio,metal,0.508258170962695,0.4705882352941176
UniformMean,no_audio,british,0.2690843134658079,0.2881906825568797
UniformMean,no_audio,indie rock,0.3910439630235843,0.4164358264081256
UniformMean,no_audio,singer songwriter,0.3679297511242871,0.3493574488338886
UniformMean,no_audio,classic rock,0.4064667880419076,0.3867469879518072
UniformMean,no_audio,mellow,0.312083709237027,0.2980132450331126
UniformMean,no_audio,dance,0.4699132960608501,0.4176706827309236
UniformMean,no_audio,chill,0.2661573887536576,0.3079006772009029
UniformMean,no_audio,hard rock,0.2778815377848855,0.3066147859922179
UniformMean,no_audio,chillout,0.2591727166626622,0.2649524874231414
UniformMean,no_audio,pop rock,0.3657282805156939,0.3912576137585095
UniformMean,no_audio,90s,0.3070527505412035,0.3256043413912186
UniformMean,no_audio,80s,0.4658096304232199,0.4178757980266976
UniformMean,no_audio,experimental,0.2320058320998818,0.2912988650693568
UniformMean,no_audio,cool,0.2332903543449302,0.2993882691615689
UniformMean,no_audio,love at first listen,0.2741660081607199,0.3242494226327944
UniformMean,no_audio,amazing,0.2200579334402156,0.2812834224598931
UniformMean,no_audio,epic,0.175320813402091,0.2258282623394185
UniformMean,no_audio,sad,0.2620013008090025,0.2766122766122766
UniformMean,no_audio,catchy,0.321697026809526,0.3629306162057253
UniformMean,no_audio,guitar,0.2174673938402785,0.2737752161383285
UniformMean,no_audio,folk,0.2574451555465477,0.2303306727480045
UniformMean,no_audio,sexy,0.3198810822941948,0.3358208955223881
UniformMean,no_audio,soul,0.3615997627451458,0.3737957610789981
UniformMean,no_audio,acoustic,0.2236579765638534,0.2091212458286985
UniformMean,no_audio,melancholy,0.1975360340917124,0.167816091954023
UniformMean,no_audio,heavy metal,0.2524596301995834,0.2758620689655172
UniformMean,no_audio,indie pop,0.1937343473846652,0.2608108108108108
UniformMean,no_audio,punk,0.2557450530319038,0.2411504424778761
UniformMean,no_audio,6 of 10 stars,0.1396482341561115,0.1814432989690721
UniformMean,no_audio,classic,0.2445017586942169,0.3011235955056179
UniformMean,no_audio,loved,0.154911106753573,0.2227146814404432
UniformMean,no_audio,70s,0.3072982400977342,0.3410696266397578
UniformMean,no_audio,easy listening,0.278287386050779,0.2918258212375859
UniformMean,no_audio,ambient,0.3033443544759739,0.304921968787515
UniformMean,no_lyrics,rock,0.7704595732603703,0.7345107122177186
UniformMean,no_lyrics,pop,0.8352452403863893,0.76614261650758
UniformMean,no_lyrics,favorites,0.6200712616271584,0.6413386366753532
UniformMean,no_lyrics,alternative,0.6318665105686905,0.6222657525301991
UniformMean,no_lyrics,indie,0.5189797894558186,0.5345761977021461
UniformMean,no_lyrics,alternative rock,0.5957594052954391,0.5631319678506611
UniformMean,no_lyrics,male vocalists,0.5331765284185144,0.5715543813298106
UniformMean,no_lyrics,love,0.4808741057307013,0.5202812330989725
UniformMean,no_lyrics,awesome,0.4205519771823617,0.4427577482605945
UniformMean,no_lyrics,beautiful,0.4490342445082782,0.5004170141784821
UniformMean,no_lyrics,american,0.3727189110492465,0.4346122448979592
UniformMean,no_lyrics,female vocalists,0.7742051658900043,0.7444015444015444
UniformMean,no_lyrics,seen live,0.4163825460009143,0.4127659574468085
UniformMean,no_lyrics,electronic,0.5723718299277806,0.5676646706586826
UniformMean,no_lyrics,00s,0.4498196962474389,0.4860948819817714
UniformMean,no_lyrics,metal,0.600566477694459,0.6062992125984252
UniformMean,no_lyrics,british,0.2849296522955581,0.3595649392194497
UniformMean,no_lyrics,indie rock,0.4925972586464496,0.4859742228961334
UniformMean,no_lyrics,singer songwriter,0.4084641369276854,0.4549260396315936
UniformMean,no_lyrics,classic rock,0.4708781557550356,0.4841303427845959
UniformMean,no_lyrics,mellow,0.4136493287491277,0.4572185430463576
UniformMean,no_lyrics,dance,0.5939382310766627,0.5695581014729951
UniformMean,no_lyrics,chill,0.3224350426993092,0.3660360756709195
UniformMean,no_lyrics,hard rock,0.4077038768757242,0.4236760124610592
UniformMean,no_lyrics,chillout,0.3493655003332129,0.3944499504459861
UniformMean,no_lyrics,pop rock,0.4253407759459737,0.4563926226945921
UniformMean,no_lyrics,90s,0.3609003899826876,0.4072398190045249
UniformMean,no_lyrics,80s,0.5393090957516141,0.528804815133276
UniformMean,no_lyrics,experimental,0.2530718581972508,0.3127498889382497
UniformMean,no_lyrics,cool,0.2626847126288663,0.3149888143176734
UniformMean,no_lyrics,love at first listen,0.3023289195293285,0.3463687150837989
UniformMean,no_lyrics,amazing,0.2235450175141005,0.29
UniformMean,no_lyrics,epic,0.2075954744954569,0.2725556813892035
UniformMean,no_lyrics,sad,0.3056042150195724,0.3631185475258099
UniformMean,no_lyrics,catchy,0.3206823566292878,0.3657587548638132
UniformMean,no_lyrics,guitar,0.2298723942957082,0.3051371185786017
UniformMean,no_lyrics,folk,0.3593672585683792,0.3741870935467734
UniformMean,no_lyrics,sexy,0.3304626222359478,0.3851351351351351
UniformMean,no_lyrics,soul,0.4106524483121098,0.4375259443752594
UniformMean,no_lyrics,acoustic,0.3528556440907739,0.3767155702792238
UniformMean,no_lyrics,melancholy,0.2709780820797507,0.3502015226153157
UniformMean,no_lyrics,heavy metal,0.3154697068888419,0.4232673267326732
UniformMean,no_lyrics,indie pop,0.2080612771145985,0.2906220984215413
UniformMean,no_lyrics,punk,0.4463698457677512,0.4890410958904109
UniformMean,no_lyrics,6 of 10 stars,0.1422234958843144,0.2120518688024409
UniformMean,no_lyrics,classic,0.2582311659799274,0.3320754716981132
UniformMean,no_lyrics,loved,0.1684921808052447,0.2429526300494042
UniformMean,no_lyrics,70s,0.383868370309306,0.4455375966268446
UniformMean,no_lyrics,easy listening,0.3209543989811323,0.3786206896551724
UniformMean,no_lyrics,ambient,0.3609273985551662,0.390818858560794
UniformMean,no_visual,rock,0.7646712739756002,0.7347432024169185
UniformMean,no_visual,pop,0.8222120619316966,0.7737837447668543
UniformMean,no_visual,favorites,0.5715727738420605,0.6331377479742945
UniformMean,no_visual,alternative,0.642109506725993,0.6300917431192661
UniformMean,no_visual,indie,0.5411953285283658,0.5582613249541765
UniformMean,no_visual,alternative rock,0.5989196358924185,0.5900621118012422
UniformMean,no_visual,male vocalists,0.5225627762325481,0.5726975222066386
UniformMean,no_visual,love,0.4757052823602318,0.5089872862779483
UniformMean,no_visual,awesome,0.3726036165127434,0.4168229306188052
UniformMean,no_visual,beautiful,0.4161589746272974,0.485951297832486
UniformMean,no_visual,american,0.4016006023145904,0.4629204892966361
UniformMean,no_visual,female vocalists,0.7479366083863982,0.710828025477707
UniformMean,no_visual,seen live,0.371678144180352,0.4174287251210328
UniformMean,no_visual,electronic,0.6054962302706893,0.5840108401084011
UniformMean,no_visual,00s,0.3718391815399132,0.4204651162790698
UniformMean,no_visual,metal,0.6450130144644959,0.626358695652174
UniformMean,no_visual,british,0.2904153905807544,0.3726752503576538
UniformMean,no_visual,indie rock,0.5215435164618574,0.5279503105590062
UniformMean,no_visual,singer songwriter,0.4204650204363656,0.4374572795625427
UniformMean,no_visual,classic rock,0.490757818567634,0.5006681514476615
UniformMean,no_visual,mellow,0.4051985894694182,0.4688279301745636
UniformMean,no_visual,dance,0.5715488429662949,0.5493273542600897
UniformMean,no_visual,chill,0.2943800528868667,0.3659209316579834
UniformMean,no_visual,hard rock,0.4106458338392901,0.4520396912899669
UniformMean,no_visual,chillout,0.3028740161336684,0.3807455664133188
UniformMean,no_visual,pop rock,0.4095335782494864,0.4547711954593827
UniformMean,no_visual,90s,0.319647466012585,0.3923548503425892
UniformMean,no_visual,80s,0.4959906218762262,0.50767987065481
UniformMean,no_visual,experimental,0.2418335089859751,0.3231441048034934
UniformMean,no_visual,cool,0.2168894338607142,0.293208172280508
UniformMean,no_visual,love at first listen,0.267524848797141,0.3531515422440769
UniformMean,no_visual,amazing,0.1955454151537622,0.2461089494163424
UniformMean,no_visual,epic,0.1718784036650467,0.2495803021824286
UniformMean,no_visual,sad,0.3188413844189368,0.3912823112012164
UniformMean,no_visual,catchy,0.3028260366485294,0.3587822014051522
UniformMean,no_visual,guitar,0.2303032916359733,0.2929242949035131
UniformMean,no_visual,folk,0.439628461176814,0.428102429415627
UniformMean,no_visual,sexy,0.3345220643931698,0.3575705731394354
UniformMean,no_visual,soul,0.4591465013157933,0.4554170661553212
UniformMean,no_visual,acoustic,0.3622567567083019,0.4028966425279789
UniformMean,no_visual,melancholy,0.269983102902854,0.3315994798439531
UniformMean,no_visual,heavy metal,0.3368175613628266,0.3821656050955414
UniformMean,no_visual,indie pop,0.2230033390194532,0.2995480955455132
UniformMean,no_visual,punk,0.4399194334079078,0.4887323943661972
UniformMean,no_visual,6 of 10 stars,0.140174841128528,0.1991701244813278
UniformMean,no_visual,classic,0.2412070001014368,0.3265513733468972
UniformMean,no_visual,loved,0.1421298515506573,0.2080732417811069
UniformMean,no_visual,70s,0.3913867618218349,0.4419225634178905
UniformMean,no_visual,easy listening,0.3116584087847276,0.3915950334288443
UniformMean,no_visual,ambient,0.4591243631984227,0.4360515021459227
UniformMean,random_one_missing,rock,0.7520159678292373,0.7216402274768033
UniformMean,random_one_missing,pop,0.8145516330811425,0.7625201938610663
UniformMean,random_one_missing,favorites,0.57631668569171,0.622150316222974
UniformMean,random_one_missing,alternative,0.6061376056471185,0.6155231406446966
UniformMean,random_one_missing,indie,0.5060328429561725,0.5325680059895184
UniformMean,random_one_missing,alternative rock,0.5559728509000549,0.5480742587974509
UniformMean,random_one_missing,male vocalists,0.5108727453632576,0.5508813160987074
UniformMean,random_one_missing,love,0.4550963199201325,0.5074818298418128
UniformMean,random_one_missing,awesome,0.3685813001366466,0.4249613202681794
UniformMean,random_one_missing,beautiful,0.4123954564335441,0.4653361344537815
UniformMean,random_one_missing,american,0.3733381560139839,0.4490698102781359
UniformMean,random_one_missing,female vocalists,0.7262201215107895,0.6952045516120292
UniformMean,random_one_missing,seen live,0.3693204668190011,0.4019742253907321
UniformMean,random_one_missing,electronic,0.5118554591854968,0.5046066619418852
UniformMean,random_one_missing,00s,0.3993612356253075,0.4550898203592814
UniformMean,random_one_missing,metal,0.5757882217198981,0.5673556664290805
UniformMean,random_one_missing,british,0.2715135126607083,0.3561749903213317
UniformMean,random_one_missing,indie rock,0.4657440464861663,0.4689361702127659
UniformMean,random_one_missing,singer songwriter,0.3928650640739128,0.4237995824634655
UniformMean,random_one_missing,classic rock,0.4565683443792226,0.473633748801534
UniformMean,random_one_missing,mellow,0.3596630643086085,0.4206460674157303
UniformMean,random_one_missing,dance,0.5425283506249633,0.5187406296851574
UniformMean,random_one_missing,chill,0.2803618730330845,0.3407407407407407
UniformMean,random_one_missing,hard rock,0.352053267139628,0.3942823108993448
UniformMean,random_one_missing,chillout,0.2987528637765057,0.3531044051335414
UniformMean,random_one_missing,pop rock,0.3946502830517031,0.4393420150788211
UniformMean,random_one_missing,90s,0.3241487398764702,0.3774436090225564
UniformMean,random_one_missing,80s,0.5119478839868062,0.5
UniformMean,random_one_missing,experimental,0.2439874462178224,0.3224821973550356
UniformMean,random_one_missing,cool,0.2301078836967835,0.3149476006618864
UniformMean,random_one_missing,love at first listen,0.2684307783313956,0.3428348301444748
UniformMean,random_one_missing,amazing,0.2035459123259397,0.2802754151478331
UniformMean,random_one_missing,epic,0.1795113557714864,0.2536487166582788
UniformMean,random_one_missing,sad,0.2779487647907812,0.3590243902439024
UniformMean,random_one_missing,catchy,0.3145914285272469,0.3653435766111822
UniformMean,random_one_missing,guitar,0.2158273484136704,0.2894082545997016
UniformMean,random_one_missing,folk,0.3232244981519585,0.3695212407282535
UniformMean,random_one_missing,sexy,0.299904158950545,0.3583815028901734
UniformMean,random_one_missing,soul,0.3961783637861867,0.4180569185475957
UniformMean,random_one_missing,acoustic,0.311908242137353,0.3546284224250326
UniformMean,random_one_missing,melancholy,0.2411691989035212,0.3057324840764331
UniformMean,random_one_missing,heavy metal,0.2817057856278223,0.3564356435643564
UniformMean,random_one_missing,indie pop,0.1966886468175698,0.2798110979929162
UniformMean,random_one_missing,punk,0.3880314236803455,0.4366533864541833
UniformMean,random_one_missing,6 of 10 stars,0.146496338402349,0.2045786653677545
UniformMean,random_one_missing,classic,0.2360372643330932,0.3177766124803356
UniformMean,random_one_missing,loved,0.1524505339893744,0.2234417875343002
UniformMean,random_one_missing,70s,0.3603125869175108,0.4238714613618974
UniformMean,random_one_missing,easy listening,0.2923343143297645,0.364494806421152
UniformMean,random_one_missing,ambient,0.3562980649632438,0.3878887070376432
UniformMean,random_two_missing,rock,0.6861449943236084,0.6828319113905104
UniformMean,random_two_missing,pop,0.751000199488266,0.7173453996983409
UniformMean,random_two_missing,favorites,0.524788951247976,0.5883792048929664
UniformMean,random_two_missing,alternative,0.5468430420292474,0.5741768405475398
UniformMean,random_two_missing,indie,0.4314526059221754,0.4871926229508196
UniformMean,random_two_missing,alternative rock,0.4572045409084348,0.483943661971831
UniformMean,random_two_missing,male vocalists,0.4311625366353279,0.4939814814814814
UniformMean,random_two_missing,love,0.4056813705225989,0.4780065005417118
UniformMean,random_two_missing,awesome,0.3227787193878898,0.375
UniformMean,random_two_missing,beautiful,0.3689413669661648,0.4094319399785637
UniformMean,random_two_missing,american,0.3324686113649341,0.4282527881040892
UniformMean,random_two_missing,female vocalists,0.6253071373672234,0.5646100116414435
UniformMean,random_two_missing,seen live,0.3056895832635258,0.3536551724137931
UniformMean,random_two_missing,electronic,0.4304112544410158,0.4285714285714285
UniformMean,random_two_missing,00s,0.3343893067155732,0.3939132931380993
UniformMean,random_two_missing,metal,0.4672986620356583,0.4791666666666667
UniformMean,random_two_missing,british,0.2468608167329722,0.3013270882123341
UniformMean,random_two_missing,indie rock,0.3654788368570625,0.3927648578811369
UniformMean,random_two_missing,singer songwriter,0.3310369459192042,0.3717258701112307
UniformMean,random_two_missing,classic rock,0.3424309991784073,0.3773928896991795
UniformMean,random_two_missing,mellow,0.3142399158224229,0.367621067515023
UniformMean,random_two_missing,dance,0.4551179285355951,0.4405487804878049
UniformMean,random_two_missing,chill,0.2454157199569114,0.3096309630963096
UniformMean,random_two_missing,hard rock,0.2792812765101369,0.3185738930419781
UniformMean,random_two_missing,chillout,0.2669574627017845,0.3095558546433378
UniformMean,random_two_missing,pop rock,0.3357589965679147,0.3824561403508772
UniformMean,random_two_missing,90s,0.2715116872777807,0.3096267190569745
UniformMean,random_two_missing,80s,0.3828082106098447,0.3961722488038277
UniformMean,random_two_missing,experimental,0.2079002059952395,0.2789081885856079
UniformMean,random_two_missing,cool,0.213853935816948,0.2729789590254706
UniformMean,random_two_missing,love at first listen,0.2427532731498209,0.2838050314465409
UniformMean,random_two_missing,amazing,0.1696375529430914,0.2379912663755458
UniformMean,random_two_missing,epic,0.1661083320580044,0.23710407239819
UniformMean,random_two_missing,sad,0.2211822920684268,0.2866389274156264
UniformMean,random_two_missing,catchy,0.249812189594809,0.3161734900689096
UniformMean,random_two_missing,guitar,0.1711819384723927,0.2382043060009161
UniformMean,random_two_missing,folk,0.240919576081105,0.2819807427785419
UniformMean,random_two_missing,sexy,0.2745261169597419,0.3328149300155521
UniformMean,random_two_missing,soul,0.3184313295422703,0.3549655850540806
UniformMean,random_two_missing,acoustic,0.2352616788585955,0.2747321991178323
UniformMean,random_two_missing,melancholy,0.1981808819140581,0.2585365853658536
UniformMean,random_two_missing,heavy metal,0.2285121007952645,0.3413978494623655
UniformMean,random_two_missing,indie pop,0.1664990409676388,0.2345971563981042
UniformMean,random_two_missing,punk,0.2958054374705703,0.3131955484896661
UniformMean,random_two_missing,6 of 10 stars,0.1365118126937421,0.1965623622741295
UniformMean,random_two_missing,classic,0.1924005382944026,0.2643511818620357
UniformMean,random_two_missing,loved,0.1383721394143225,0.1961077844311377
UniformMean,random_two_missing,70s,0.2785784851442046,0.3377581120943952
UniformMean,random_two_missing,easy listening,0.2452092675528126,0.3235831809872029
UniformMean,random_two_missing,ambient,0.2707210050270946,0.3338257016248153
EarlyConcat,observed,rock,0.7948123057278362,0.7460919714675975
EarlyConcat,observed,pop,0.8528579378058849,0.7779442613125562
EarlyConcat,observed,favorites,0.6470333419637107,0.649370125974805
EarlyConcat,observed,alternative,0.6727885530532285,0.6435948541402428
EarlyConcat,observed,indie,0.5710553859474964,0.5759682224428997
EarlyConcat,observed,alternative rock,0.6310542351915773,0.5954198473282443
EarlyConcat,observed,male vocalists,0.5654414685323844,0.5912137006701415
EarlyConcat,observed,love,0.5371687422396956,0.5374592833876222
EarlyConcat,observed,awesome,0.4279993669663209,0.4645370871683811
EarlyConcat,observed,beautiful,0.4600666611375844,0.5116756479343084
EarlyConcat,observed,american,0.4208394647578817,0.4697480658599484
EarlyConcat,observed,female vocalists,0.7810160640005591,0.74375
EarlyConcat,observed,seen live,0.4240568392983838,0.4507135745104547
EarlyConcat,observed,electronic,0.6205222212875142,0.5913597733711048
EarlyConcat,observed,00s,0.4623901716537257,0.4975433152314455
EarlyConcat,observed,metal,0.6701357828661713,0.631879914224446
EarlyConcat,observed,british,0.3048081164550054,0.3531326281529699
EarlyConcat,observed,indie rock,0.5429892884885983,0.5379644588045234
EarlyConcat,observed,singer songwriter,0.4498202281116379,0.4627641149982681
EarlyConcat,observed,classic rock,0.5350123821603083,0.515805318615153
EarlyConcat,observed,mellow,0.453390290655176,0.4908752327746741
EarlyConcat,observed,dance,0.6074024105072658,0.5740045078888054
EarlyConcat,observed,chill,0.3380864996999763,0.3915079612862941
EarlyConcat,observed,hard rock,0.4508773059922002,0.4579780755176614
EarlyConcat,observed,chillout,0.3541994274870289,0.4064098192976474
EarlyConcat,observed,pop rock,0.452904199396045,0.4602194787379972
EarlyConcat,observed,90s,0.3718829926224222,0.4035228182546037
EarlyConcat,observed,80s,0.5590684778660643,0.5350444225074038
EarlyConcat,observed,experimental,0.2677461845428787,0.3256902199344876
EarlyConcat,observed,cool,0.2620572699126409,0.3299641343332246
EarlyConcat,observed,love at first listen,0.3219271362888312,0.3676814988290398
EarlyConcat,observed,amazing,0.239733622821967,0.2984159427695452
EarlyConcat,observed,epic,0.2057335843941152,0.2682786413356361
EarlyConcat,observed,sad,0.3646900469115837,0.3952164009111617
EarlyConcat,observed,catchy,0.3562672382632929,0.3889112093210125
EarlyConcat,observed,guitar,0.2618166945440346,0.32903981264637
EarlyConcat,observed,folk,0.4351608263538699,0.4463061690784463
EarlyConcat,observed,sexy,0.3750845488489223,0.4053308823529412
EarlyConcat,observed,soul,0.4779262261396768,0.4656652360515021
EarlyConcat,observed,acoustic,0.3895052818112515,0.409967845659164
EarlyConcat,observed,melancholy,0.3079545946671612,0.3143322475570032
EarlyConcat,observed,heavy metal,0.3581146888366707,0.433048433048433
EarlyConcat,observed,indie pop,0.23476420456909,0.3298429319371728
EarlyConcat,observed,punk,0.4506689885723879,0.4948289578361177
EarlyConcat,observed,6 of 10 stars,0.1425753386091141,0.204582651391162
EarlyConcat,observed,classic,0.2768355444504879,0.3603158933859822
EarlyConcat,observed,loved,0.1682988962549514,0.2497170878913617
EarlyConcat,observed,70s,0.4019637119784789,0.4826546003016591
EarlyConcat,observed,easy listening,0.3515750584103806,0.4117381489841986
EarlyConcat,observed,ambient,0.467263991629453,0.4635627530364372
EarlyConcat,no_audio,rock,0.7307116488105354,0.7213326446280992
EarlyConcat,no_audio,pop,0.8074780762441647,0.7468879668049793
EarlyConcat,no_audio,favorites,0.6124413050901711,0.6327017543859649
EarlyConcat,no_audio,alternative,0.6056455220584676,0.6134647974118009
EarlyConcat,no_audio,indie,0.4954126409051945,0.5247942180285083
EarlyConcat,no_audio,alternative rock,0.4974390363121458,0.4983136593591905
EarlyConcat,no_audio,male vocalists,0.4912722116369943,0.521257750221435
EarlyConcat,no_audio,love,0.5052909646861931,0.5212986414920562
EarlyConcat,no_audio,awesome,0.3741172772993933,0.4224099599822143
EarlyConcat,no_audio,beautiful,0.3954177184058087,0.4540540540540541
EarlyConcat,no_audio,american,0.3927989064067302,0.4549208534067446
EarlyConcat,no_audio,female vocalists,0.6643657062569486,0.63335935467083
EarlyConcat,no_audio,seen live,0.3415309934180006,0.3970753655793025
EarlyConcat,no_audio,electronic,0.417287087351161,0.3809121621621621
EarlyConcat,no_audio,00s,0.4233414250862378,0.4413243922883487
EarlyConcat,no_audio,metal,0.5161267469573358,0.4466367713004484
EarlyConcat,no_audio,british,0.2662477700173069,0.3333333333333333
EarlyConcat,no_audio,indie rock,0.3887138730983932,0.4368785778849051
EarlyConcat,no_audio,singer songwriter,0.3722668131638107,0.4128113879003559
EarlyConcat,no_audio,classic rock,0.410851478128408,0.4173573866406631
EarlyConcat,no_audio,mellow,0.3204590673179913,0.3444605708756652
EarlyConcat,no_audio,dance,0.4797522775018384,0.4397817876626101
EarlyConcat,no_audio,chill,0.2651234282275282,0.3486345148169669
EarlyConcat,no_audio,hard rock,0.2763597684610455,0.3151515151515151
EarlyConcat,no_audio,chillout,0.2634237823272061,0.3361884368308351
EarlyConcat,no_audio,pop rock,0.3606577053808157,0.4113287453679195
EarlyConcat,no_audio,90s,0.3015106409634465,0.3421346225362588
EarlyConcat,no_audio,80s,0.4418980448002936,0.3980208905992303
EarlyConcat,no_audio,experimental,0.23877072165872,0.2960164835164835
EarlyConcat,no_audio,cool,0.241947340875623,0.3080762250453721
EarlyConcat,no_audio,love at first listen,0.2827963942802027,0.3416856492027335
EarlyConcat,no_audio,amazing,0.2204732910423899,0.3003194888178914
EarlyConcat,no_audio,epic,0.1756930915244648,0.2562911343399148
EarlyConcat,no_audio,sad,0.2770590696043883,0.2963493199713672
EarlyConcat,no_audio,catchy,0.3273947639952137,0.3513106357336547
EarlyConcat,no_audio,guitar,0.2183661958181205,0.2921550946798918
EarlyConcat,no_audio,folk,0.2705483578527603,0.2704471101417666
EarlyConcat,no_audio,sexy,0.3346038103016212,0.375968992248062
EarlyConcat,no_audio,soul,0.3620119033201738,0.3777506112469437
EarlyConcat,no_audio,acoustic,0.2452740762792907,0.1707632600258732
EarlyConcat,no_audio,melancholy,0.2080636471253624,0.1323155216284987
EarlyConcat,no_audio,heavy metal,0.2492055512512694,0.2981132075471698
EarlyConcat,no_audio,indie pop,0.1892473401554483,0.2631944444444444
EarlyConcat,no_audio,punk,0.2607849470302651,0.2398190045248869
EarlyConcat,no_audio,6 of 10 stars,0.1354504248284169,0.2107612199355318
EarlyConcat,no_audio,classic,0.2472189280003091,0.3073047858942065
EarlyConcat,no_audio,loved,0.1552832435424554,0.2246750061319598
EarlyConcat,no_audio,70s,0.2984652590554892,0.3489361702127659
EarlyConcat,no_audio,easy listening,0.2863272373026073,0.3285638579756227
EarlyConcat,no_audio,ambient,0.3441071519342394,0.343483556638246
EarlyConcat,no_lyrics,rock,0.7733592457828579,0.7353357891754038
EarlyConcat,no_lyrics,pop,0.8359382254436369,0.7677764077270859
EarlyConcat,no_lyrics,favorites,0.6307152906290732,0.6354497354497355
EarlyConcat,no_lyrics,alternative,0.6327383944894746,0.6130863459814759
EarlyConcat,no_lyrics,indie,0.5126547075265929,0.5150715900527506
EarlyConcat,no_lyrics,alternative rock,0.5925175497912502,0.5304568527918782
EarlyConcat,no_lyrics,male vocalists,0.5338162010201145,0.5596494722166899
EarlyConcat,no_lyrics,love,0.4928514967028236,0.5182381280110117
EarlyConcat,no_lyrics,awesome,0.4138414339412239,0.4234657039711191
EarlyConcat,no_lyrics,beautiful,0.4506708218384361,0.4819630104376488
EarlyConcat,no_lyrics,american,0.3617177665620702,0.4243697478991596
EarlyConcat,no_lyrics,female vocalists,0.7759472000007996,0.7099466728495247
EarlyConcat,no_lyrics,seen live,0.4136112714611135,0.4025545034133451
EarlyConcat,no_lyrics,electronic,0.5942911199984631,0.569620253164557
EarlyConcat,no_lyrics,00s,0.4549404378246211,0.4422128259337561
EarlyConcat,no_lyrics,metal,0.6153465960893616,0.5986486486486486
EarlyConcat,no_lyrics,british,0.2952071929116877,0.3473711744703113
EarlyConcat,no_lyrics,indie rock,0.4831481103983038,0.4587371512481644
EarlyConcat,no_lyrics,singer songwriter,0.4165504443025809,0.4507253626813406
EarlyConcat,no_lyrics,classic rock,0.4811669472791615,0.4672897196261682
EarlyConcat,no_lyrics,mellow,0.432540569275137,0.4452105392760404
EarlyConcat,no_lyrics,dance,0.5968174783553997,0.5652582159624413
EarlyConcat,no_lyrics,chill,0.3315835476182817,0.3577735124760077
EarlyConcat,no_lyrics,hard rock,0.4100376885014607,0.4143198090692124
EarlyConcat,no_lyrics,chillout,0.3563480713432567,0.3679012345679012
EarlyConcat,no_lyrics,pop rock,0.4288562397677165,0.4459292254392477
EarlyConcat,no_lyrics,90s,0.3699416834273639,0.382851445663011
EarlyConcat,no_lyrics,80s,0.5432591346169875,0.5199004975124378
EarlyConcat,no_lyrics,experimental,0.2494302997611086,0.2948031496062992
EarlyConcat,no_lyrics,cool,0.2582606547334675,0.305631067961165
EarlyConcat,no_lyrics,love at first listen,0.3124029900656812,0.3320009405125793
EarlyConcat,no_lyrics,amazing,0.2235892143849701,0.2795158712034711
EarlyConcat,no_lyrics,epic,0.2065820689245311,0.2540786306499064
EarlyConcat,no_lyrics,sad,0.3166370244371952,0.3485784919653893
EarlyConcat,no_lyrics,catchy,0.3269020643038481,0.349222533775172
EarlyConcat,no_lyrics,guitar,0.2313078730603483,0.2897503285151117
EarlyConcat,no_lyrics,folk,0.3812550171230336,0.3596214511041009
EarlyConcat,no_lyrics,sexy,0.3431836648036909,0.3753682969946965
EarlyConcat,no_lyrics,soul,0.432900858468188,0.4282923016803439
EarlyConcat,no_lyrics,acoustic,0.3611288562478889,0.3666361136571952
EarlyConcat,no_lyrics,melancholy,0.2921774462927373,0.3519577650681918
EarlyConcat,no_lyrics,heavy metal,0.3128922641474269,0.3953786906290115
EarlyConcat,no_lyrics,indie pop,0.2136736827836523,0.2520767688341449
EarlyConcat,no_lyrics,punk,0.436313847762156,0.4806303348653972
EarlyConcat,no_lyrics,6 of 10 stars,0.1413084450829218,0.2114173228346456
EarlyConcat,no_lyrics,classic,0.2568853553220334,0.2955326460481099
EarlyConcat,no_lyrics,loved,0.1631437600543313,0.216714461286358
EarlyConcat,no_lyrics,70s,0.3720935003165508,0.4287531806615776
EarlyConcat,no_lyrics,easy listening,0.3279556651028208,0.360184431787361
EarlyConcat,no_lyrics,ambient,0.3534250416058586,0.4063579820317899
EarlyConcat,no_visual,rock,0.7679883669144265,0.742874377921882
EarlyConcat,no_visual,pop,0.8231777549340855,0.7727272727272727
EarlyConcat,no_visual,favorites,0.5915725093364589,0.6329787234042553
EarlyConcat,no_visual,alternative,0.6440426732189317,0.6335357997423154
EarlyConcat,no_visual,indie,0.5389617312132158,0.5625
EarlyConcat,no_visual,alternative rock,0.602346285329728,0.5937056988942444
EarlyConcat,no_visual,male vocalists,0.5178011641602681,0.569447883139391
EarlyConcat,no_visual,love,0.4901002960824976,0.510160172125269
EarlyConcat,no_visual,awesome,0.3914551529828938,0.4260705628871532
EarlyConcat,no_visual,beautiful,0.4213317193305674,0.4915382672392018
EarlyConcat,no_visual,american,0.4118678434057289,0.4697796644430968
EarlyConcat,no_visual,female vocalists,0.7481036301728335,0.7139959432048681
EarlyConcat,no_visual,seen live,0.3770558855101951,0.4334426229508196
EarlyConcat,no_visual,electronic,0.6059621836449676,0.572338167668907
EarlyConcat,no_visual,00s,0.3764994582785821,0.4472415640064274
EarlyConcat,no_visual,metal,0.6399011100334037,0.6002824858757062
EarlyConcat,no_visual,british,0.2908098143474223,0.3529880478087649
EarlyConcat,no_visual,indie rock,0.522460501839434,0.5268065268065268
EarlyConcat,no_visual,singer songwriter,0.4141731207008079,0.4277456647398844
EarlyConcat,no_visual,classic rock,0.4896365255131911,0.4983482774893817
EarlyConcat,no_visual,mellow,0.4144767746801642,0.4654361201592472
EarlyConcat,no_visual,dance,0.5777611508829494,0.5459501557632399
EarlyConcat,no_visual,chill,0.305113576608237,0.3779904306220095
EarlyConcat,no_visual,hard rock,0.4122097140345843,0.4604486422668241
EarlyConcat,no_visual,chillout,0.3070989708828557,0.3891462607544672
EarlyConcat,no_visual,pop rock,0.4174815055007129,0.4453125
EarlyConcat,no_visual,90s,0.3204193188833336,0.3812154696132597
EarlyConcat,no_visual,80s,0.4815633042004131,0.4890951276102088
EarlyConcat,no_visual,experimental,0.2408522384612462,0.3251366120218579
EarlyConcat,no_visual,cool,0.2274567061708386,0.3097146521320936
EarlyConcat,no_visual,love at first listen,0.2780985445033861,0.3479905437352246
EarlyConcat,no_visual,amazing,0.2084838596792372,0.2154238368387508
EarlyConcat,no_visual,epic,0.1774062071030257,0.2375328083989501
EarlyConcat,no_visual,sad,0.3283673999210814,0.3848758465011286
EarlyConcat,no_visual,catchy,0.3038205616629955,0.3645500228414801
EarlyConcat,no_visual,guitar,0.2342748282683386,0.2957827845176198
EarlyConcat,no_visual,folk,0.4404401140139402,0.4308880308880309
EarlyConcat,no_visual,sexy,0.3379276972600298,0.3735444806707033
EarlyConcat,no_visual,soul,0.45911267013776,0.4532453245324532
EarlyConcat,no_visual,acoustic,0.3656330316912047,0.3925233644859813
EarlyConcat,no_visual,melancholy,0.2776343654842496,0.2975486052409129
EarlyConcat,no_visual,heavy metal,0.3296995022090972,0.376657824933687
EarlyConcat,no_visual,indie pop,0.2183674514446206,0.2912873862158647
EarlyConcat,no_visual,punk,0.4402307180754673,0.4891485809682804
EarlyConcat,no_visual,6 of 10 stars,0.1352161128229412,0.204096298957959
EarlyConcat,no_visual,classic,0.2456882047690402,0.3220802919708029
EarlyConcat,no_visual,loved,0.1467823007504316,0.2252484357747515
EarlyConcat,no_visual,70s,0.3772731490563117,0.4395457581830327
EarlyConcat,no_visual,easy listening,0.3168042233794051,0.3857142857142857
EarlyConcat,no_visual,ambient,0.4541136701831841,0.433264887063655
EarlyConcat,random_one_missing,rock,0.7582787365514778,0.7304031354983203
EarlyConcat,random_one_missing,pop,0.8186361470653818,0.7649876614893308
EarlyConcat,random_one_missing,favorites,0.5950898687303579,0.635339378950261
EarlyConcat,random_one_missing,alternative,0.6128535192355096,0.6140012845215157
EarlyConcat,random_one_missing,indie,0.5053329273191276,0.5303418803418803
EarlyConcat,random_one_missing,alternative rock,0.551066946813254,0.5305651672433679
EarlyConcat,random_one_missing,male vocalists,0.5091707597654227,0.5488903537684026
EarlyConcat,random_one_missing,love,0.4731825503762156,0.5110972827214271
EarlyConcat,random_one_missing,awesome,0.3724653477202359,0.4252002597964927
EarlyConcat,random_one_missing,beautiful,0.4103171002290802,0.4788795020008893
EarlyConcat,random_one_missing,american,0.3658694588916977,0.4469904240766074
EarlyConcat,random_one_missing,female vocalists,0.7323747647509592,0.6882731321128155
EarlyConcat,random_one_missing,seen live,0.3691148876766741,0.4021447721179624
EarlyConcat,random_one_missing,electronic,0.5297066447800877,0.5144429160935351
EarlyConcat,random_one_missing,00s,0.3936101995743838,0.4350188048474718
EarlyConcat,random_one_missing,metal,0.5875482266663505,0.5652818991097923
EarlyConcat,random_one_missing,british,0.2770641456200726,0.3434473854099419
EarlyConcat,random_one_missing,indie rock,0.4497361182337401,0.4760611205432937
EarlyConcat,random_one_missing,singer songwriter,0.398330518503802,0.4283042394014962
EarlyConcat,random_one_missing,classic rock,0.4738705068728742,0.4695731153496821
EarlyConcat,random_one_missing,mellow,0.3758308277993528,0.4243027888446215
EarlyConcat,random_one_missing,dance,0.5504762598899233,0.520848573518654
EarlyConcat,random_one_missing,chill,0.287453154730519,0.3554350505299482
EarlyConcat,random_one_missing,hard rock,0.3542772006695546,0.384909786768726
EarlyConcat,random_one_missing,chillout,0.3069936465006516,0.3622950819672131
EarlyConcat,random_one_missing,pop rock,0.3843221245102401,0.4284071305347901
EarlyConcat,random_one_missing,90s,0.3196378866388196,0.3683028553095925
EarlyConcat,random_one_missing,80s,0.5038213184783862,0.4889723134678554
EarlyConcat,random_one_missing,experimental,0.2397443680957471,0.3041144901610018
EarlyConcat,random_one_missing,cool,0.2338454381939462,0.3099837095648126
EarlyConcat,random_one_missing,love at first listen,0.2713659704213902,0.3377999376752882
EarlyConcat,random_one_missing,amazing,0.2010472385474256,0.2806174957118353
EarlyConcat,random_one_missing,epic,0.1769052621869051,0.2434847356664184
EarlyConcat,random_one_missing,sad,0.2840452196676367,0.3525641025641026
EarlyConcat,random_one_missing,catchy,0.324510121823152,0.3522012578616352
EarlyConcat,random_one_missing,guitar,0.2163286141806043,0.2825811893715731
EarlyConcat,random_one_missing,folk,0.3393513419811181,0.3739946380697051
EarlyConcat,random_one_missing,sexy,0.3214181263522535,0.3688969258589512
EarlyConcat,random_one_missing,soul,0.4047686860153415,0.4150758688203622
EarlyConcat,random_one_missing,acoustic,0.309268760375488,0.3482587064676617
EarlyConcat,random_one_missing,melancholy,0.2479234482138185,0.2902338376891334
EarlyConcat,random_one_missing,heavy metal,0.2855692260460065,0.3565217391304348
EarlyConcat,random_one_missing,indie pop,0.1916130510828415,0.2623074032318677
EarlyConcat,random_one_missing,punk,0.3690941275647063,0.4318555008210181
EarlyConcat,random_one_missing,6 of 10 stars,0.1404229866800109,0.2143739194862929
EarlyConcat,random_one_missing,classic,0.2450844732391716,0.3042317956538315
EarlyConcat,random_one_missing,loved,0.1506095314686749,0.2206477732793522
EarlyConcat,random_one_missing,70s,0.3564448483132877,0.4114441416893733
EarlyConcat,random_one_missing,easy listening,0.2988247821643044,0.3639788997739261
EarlyConcat,random_one_missing,ambient,0.3731184987714098,0.3966635773864689
EarlyConcat,random_two_missing,rock,0.6876233070794859,0.712152420185376
EarlyConcat,random_two_missing,pop,0.752906182167408,0.7328013208585581
EarlyConcat,random_two_missing,favorites,0.537511774135119,0.6153267277060078
EarlyConcat,random_two_missing,alternative,0.5426361821616176,0.5890743117957495
EarlyConcat,random_two_missing,indie,0.4109570745182964,0.4794792984993672
EarlyConcat,random_two_missing,alternative rock,0.4403072296859897,0.4696204898111796
EarlyConcat,random_two_missing,male vocalists,0.4274598155947387,0.4922685100964162
EarlyConcat,random_two_missing,love,0.4101658158193162,0.4868139700641482
EarlyConcat,random_two_missing,awesome,0.3199477027759093,0.3919118855827717
EarlyConcat,random_two_missing,beautiful,0.3710145043357262,0.434287812041116
EarlyConcat,random_two_missing,american,0.3237090256564648,0.4250713963625432
EarlyConcat,random_two_missing,female vocalists,0.6122359839498943,0.5529726393746143
EarlyConcat,random_two_missing,seen live,0.3003500010802768,0.3498964803312629
EarlyConcat,random_two_missing,electronic,0.4263186846176404,0.4360550190225344
EarlyConcat,random_two_missing,00s,0.3260980070370287,0.3903082248228119
EarlyConcat,random_two_missing,metal,0.4560544800211832,0.4537409493161705
EarlyConcat,random_two_missing,british,0.2406096446377597,0.3151487826871055
EarlyConcat,random_two_missing,indie rock,0.3204650132887766,0.3825277849573533
EarlyConcat,random_two_missing,singer songwriter,0.3268997212242671,0.3778350515463917
EarlyConcat,random_two_missing,classic rock,0.3384209499984231,0.3810909090909091
EarlyConcat,random_two_missing,mellow,0.3112289438735907,0.3623503808487486
EarlyConcat,random_two_missing,dance,0.4469472218349251,0.4450420168067227
EarlyConcat,random_two_missing,chill,0.2480555770217332,0.3246753246753247
EarlyConcat,random_two_missing,hard rock,0.270000590849383,0.3021519543258674
EarlyConcat,random_two_missing,chillout,0.26582511190268,0.3084642233856893
EarlyConcat,random_two_missing,pop rock,0.3047878954840739,0.386952636282395
EarlyConcat,random_two_missing,90s,0.2671072959456886,0.3215271389144434
EarlyConcat,random_two_missing,80s,0.366856830365618,0.380669775328529
EarlyConcat,random_two_missing,experimental,0.2015639803782702,0.2502991146207227
EarlyConcat,random_two_missing,cool,0.2067623340103334,0.2760165403170227
EarlyConcat,random_two_missing,love at first listen,0.2215076004215946,0.2688494350933825
EarlyConcat,random_two_missing,amazing,0.1617727647364377,0.2423963133640553
EarlyConcat,random_two_missing,epic,0.1590497878257455,0.2163170163170163
EarlyConcat,random_two_missing,sad,0.2152078427750169,0.2883597883597883
EarlyConcat,random_two_missing,catchy,0.2322177407773835,0.2998862343572241
EarlyConcat,random_two_missing,guitar,0.1604772041579584,0.2334912231819448
EarlyConcat,random_two_missing,folk,0.2397586714481776,0.2700376546530392
EarlyConcat,random_two_missing,sexy,0.27790048260314,0.3267504488330341
EarlyConcat,random_two_missing,soul,0.307917271585253,0.3505074160811866
EarlyConcat,random_two_missing,acoustic,0.2283005629755934,0.2627406568516421
EarlyConcat,random_two_missing,melancholy,0.1975031465208822,0.2558139534883721
EarlyConcat,random_two_missing,heavy metal,0.2264373227681679,0.3287250384024577
EarlyConcat,random_two_missing,indie pop,0.1512923432415224,0.2138635142396561
EarlyConcat,random_two_missing,punk,0.2758928226976593,0.3092633114514952
EarlyConcat,random_two_missing,6 of 10 stars,0.1282482179274986,0.2040747028862478
EarlyConcat,random_two_missing,classic,0.184802491269813,0.2330246913580247
EarlyConcat,random_two_missing,loved,0.1324810353506047,0.197912918315941
EarlyConcat,random_two_missing,70s,0.2750236475258982,0.3153013910355486
EarlyConcat,random_two_missing,easy listening,0.2378014170072034,0.295256806062307
EarlyConcat,random_two_missing,ambient,0.2626400550263427,0.3301282051282051
ConcatModDrop,observed,rock,0.7945315852591674,0.7495873968492123
ConcatModDrop,observed,pop,0.8541001615402053,0.7819750148721
ConcatModDrop,observed,favorites,0.6426198616765109,0.6497595102754701
ConcatModDrop,observed,alternative,0.6818248035324402,0.6473582587326663
ConcatModDrop,observed,indie,0.5850164954389245,0.5737187272285645
ConcatModDrop,observed,alternative rock,0.6369938534044811,0.6076944678461107
ConcatModDrop,observed,male vocalists,0.5690479047389019,0.5865060240963855
ConcatModDrop,observed,love,0.5268232359767461,0.539099260587049
ConcatModDrop,observed,awesome,0.4294780954367516,0.4575569358178054
ConcatModDrop,observed,beautiful,0.4588718918203941,0.5006715014773032
ConcatModDrop,observed,american,0.4239202174215591,0.4687681299555212
ConcatModDrop,observed,female vocalists,0.7869478172530711,0.7520551577830814
ConcatModDrop,observed,seen live,0.4284698682475032,0.4474232946082812
ConcatModDrop,observed,electronic,0.6144457137342977,0.5872340425531914
ConcatModDrop,observed,00s,0.4629962547455031,0.5028400597907324
ConcatModDrop,observed,metal,0.683716078501833,0.6474313863476425
ConcatModDrop,observed,british,0.3164630070125985,0.3724867724867725
ConcatModDrop,observed,indie rock,0.5540575534737877,0.552232336367577
ConcatModDrop,observed,singer songwriter,0.4540383254304908,0.4699932569116655
ConcatModDrop,observed,classic rock,0.5417100506376338,0.5225321888412017
ConcatModDrop,observed,mellow,0.4451892290485313,0.4882869692532943
ConcatModDrop,observed,dance,0.6085358949654024,0.5715361445783133
ConcatModDrop,observed,chill,0.3266063810047922,0.3831692032229185
ConcatModDrop,observed,hard rock,0.4652413937345213,0.467732386027235
ConcatModDrop,observed,chillout,0.3517321147990514,0.4139879901095019
ConcatModDrop,observed,pop rock,0.4603842113488988,0.4650842793257654
ConcatModDrop,observed,90s,0.3703308767534412,0.4137159895639209
ConcatModDrop,observed,80s,0.5790698164361809,0.5518610421836229
ConcatModDrop,observed,experimental,0.2782409776570176,0.3367483296213808
ConcatModDrop,observed,cool,0.2641977826771868,0.3236192062170414
ConcatModDrop,observed,love at first listen,0.3253665223003884,0.3746747614917606
ConcatModDrop,observed,amazing,0.2426536383097607,0.300132802124834
ConcatModDrop,observed,epic,0.209862275239385,0.2678239305641661
ConcatModDrop,observed,sad,0.3540453125812881,0.3773824650571791
ConcatModDrop,observed,catchy,0.3619230021203354,0.4008213552361396
ConcatModDrop,observed,guitar,0.2630497769231911,0.3225071225071225
ConcatModDrop,observed,folk,0.430832423069006,0.4263322884012539
ConcatModDrop,observed,sexy,0.3731365507760421,0.3858185610010427
ConcatModDrop,observed,soul,0.4803453173711458,0.4756926293779404
ConcatModDrop,observed,acoustic,0.3827606970733967,0.4176829268292683
ConcatModDrop,observed,melancholy,0.29849088698512,0.330488750969744
ConcatModDrop,observed,heavy metal,0.3954996838140217,0.4484181568088033
ConcatModDrop,observed,indie pop,0.2416843485070272,0.3400576368876081
ConcatModDrop,observed,punk,0.4543455920658908,0.5103857566765578
ConcatModDrop,observed,6 of 10 stars,0.1462291178036543,0.1966893865628043
ConcatModDrop,observed,classic,0.2873379445282043,0.3540372670807453
ConcatModDrop,observed,loved,0.1656274734069703,0.2402597402597402
ConcatModDrop,observed,70s,0.4040632185878511,0.4725978647686832
ConcatModDrop,observed,easy listening,0.3579804552654678,0.4149297140087251
ConcatModDrop,observed,ambient,0.4751919632522305,0.4615384615384615
ConcatModDrop,no_audio,rock,0.7291903527949555,0.7201889020070839
ConcatModDrop,no_audio,pop,0.8134100155766093,0.7519188993482984
ConcatModDrop,no_audio,favorites,0.6018317343854512,0.6302303393757667
ConcatModDrop,no_audio,alternative,0.6123361058611545,0.6207664175544602
ConcatModDrop,no_audio,indie,0.508794731403093,0.5368916797488226
ConcatModDrop,no_audio,alternative rock,0.5160294756990297,0.5253340055457525
ConcatModDrop,no_audio,male vocalists,0.495917585891347,0.5233022636484687
ConcatModDrop,no_audio,love,0.4990144680375213,0.5158469945355191
ConcatModDrop,no_audio,awesome,0.3752374379257635,0.4291097503532736
ConcatModDrop,no_audio,beautiful,0.4017288714599296,0.455168776371308
ConcatModDrop,no_audio,american,0.3954430497837586,0.4563124432334242
ConcatModDrop,no_audio,female vocalists,0.6705043840614329,0.6287339971550497
ConcatModDrop,no_audio,seen live,0.3545886667515194,0.4012755779962795
ConcatModDrop,no_audio,electronic,0.4202204531596076,0.4224137931034483
ConcatModDrop,no_audio,00s,0.4217129633983392,0.4555754323196184
ConcatModDrop,no_audio,metal,0.5580696637368721,0.5112179487179487
ConcatModDrop,no_audio,british,0.2800100823978481,0.3372576177285318
ConcatModDrop,no_audio,indie rock,0.4041119186564226,0.4464206313917296
ConcatModDrop,no_audio,singer songwriter,0.387273389486231,0.4183601962158374
ConcatModDrop,no_audio,classic rock,0.4305817303403919,0.418191902384914
ConcatModDrop,no_audio,mellow,0.3341083103669455,0.3904871499808208
ConcatModDrop,no_audio,dance,0.492269968724242,0.4496990541702493
ConcatModDrop,no_audio,chill,0.2720792367228078,0.3500717360114778
ConcatModDrop,no_audio,hard rock,0.3112207883845806,0.3467643467643467
ConcatModDrop,no_audio,chillout,0.2784523688794855,0.3561931420573828
ConcatModDrop,no_audio,pop rock,0.3749075689848904,0.4116077384923282
ConcatModDrop,no_audio,90s,0.3045520265700988,0.3427751882395123
ConcatModDrop,no_audio,80s,0.4661236879654912,0.4227733934611049
ConcatModDrop,no_audio,experimental,0.2444379366970395,0.3017964071856287
ConcatModDrop,no_audio,cool,0.2437545272851812,0.3101441942828232
ConcatModDrop,no_audio,love at first listen,0.2936085157112419,0.3176007866273353
ConcatModDrop,no_audio,amazing,0.2246705559059058,0.3002754820936639
ConcatModDrop,no_audio,epic,0.1768137409751695,0.2423515296940611
ConcatModDrop,no_audio,sad,0.2752468655426855,0.2885345482156416
ConcatModDrop,no_audio,catchy,0.3355047488968851,0.3773751657092355
ConcatModDrop,no_audio,guitar,0.2317326602041605,0.2972518227706113
ConcatModDrop,no_audio,folk,0.2874836298713952,0.3288888888888889
ConcatModDrop,no_audio,sexy,0.3402091026530393,0.3356807511737089
ConcatModDrop,no_audio,soul,0.3749823227371187,0.3987654320987654
ConcatModDrop,no_audio,acoustic,0.2567056281347484,0.2514970059880239
ConcatModDrop,no_audio,melancholy,0.2128483014505423,0.2345090562440419
ConcatModDrop,no_audio,heavy metal,0.2918276331161656,0.3830455259026687
ConcatModDrop,no_audio,indie pop,0.2017969531497823,0.2778443113772455
ConcatModDrop,no_audio,punk,0.2741252724370683,0.25625
ConcatModDrop,no_audio,6 of 10 stars,0.1358816723138638,0.1984126984126984
ConcatModDrop,no_audio,classic,0.262310228309778,0.3390714658320292
ConcatModDrop,no_audio,loved,0.152937952197496,0.2305389221556886
ConcatModDrop,no_audio,70s,0.316761800828173,0.3779289493575208
ConcatModDrop,no_audio,easy listening,0.3142418198364326,0.3489784649364991
ConcatModDrop,no_audio,ambient,0.3341852400071651,0.339667458432304
ConcatModDrop,no_lyrics,rock,0.7772346395154701,0.7328
ConcatModDrop,no_lyrics,pop,0.8398400225314121,0.761311378133808
ConcatModDrop,no_lyrics,favorites,0.6309963989172712,0.6473252193603171
ConcatModDrop,no_lyrics,alternative,0.6456527565902125,0.6251886634244508
ConcatModDrop,no_lyrics,indie,0.5314188280861415,0.5434319526627219
ConcatModDrop,no_lyrics,alternative rock,0.6019901019084714,0.5803546298902336
ConcatModDrop,no_lyrics,male vocalists,0.5381456483440694,0.5776733254994124
ConcatModDrop,no_lyrics,love,0.4893042819327075,0.5221954952984912
ConcatModDrop,no_lyrics,awesome,0.418775140307442,0.4486673247778874
ConcatModDrop,no_lyrics,beautiful,0.4473812410494297,0.5090159711488923
ConcatModDrop,no_lyrics,american,0.3766245439535207,0.4439701173959445
ConcatModDrop,no_lyrics,female vocalists,0.7854371070624986,0.7496602337591737
ConcatModDrop,no_lyrics,seen live,0.4200742315195099,0.4384505021520803
ConcatModDrop,no_lyrics,electronic,0.5966525750370929,0.5719373219373219
ConcatModDrop,no_lyrics,00s,0.4558766218828844,0.4945475979958738
ConcatModDrop,no_lyrics,metal,0.6251345443441261,0.6039325842696629
ConcatModDrop,no_lyrics,british,0.3067179498155175,0.3574282600799128
ConcatModDrop,no_lyrics,indie rock,0.5005018395373212,0.4836104513064133
ConcatModDrop,no_lyrics,singer songwriter,0.4235520155509439,0.4474025974025974
ConcatModDrop,no_lyrics,classic rock,0.4904336431125518,0.4927380311995696
ConcatModDrop,no_lyrics,mellow,0.430325345481335,0.4784122562674094
ConcatModDrop,no_lyrics,dance,0.6034964113158133,0.5649149922720247
ConcatModDrop,no_lyrics,chill,0.3217106049650434,0.3795379537953795
ConcatModDrop,no_lyrics,hard rock,0.4147455265127157,0.4303206997084548
ConcatModDrop,no_lyrics,chillout,0.3556596241221026,0.4254751583861287
ConcatModDrop,no_lyrics,pop rock,0.4384827837729941,0.4478571428571428
ConcatModDrop,no_lyrics,90s,0.3684756415836709,0.4050089445438282
ConcatModDrop,no_lyrics,80s,0.5630361535144313,0.5364102564102564
ConcatModDrop,no_lyrics,experimental,0.2609142418732082,0.315377932232841
ConcatModDrop,no_lyrics,cool,0.2590250340110892,0.3301587301587301
ConcatModDrop,no_lyrics,love at first listen,0.3144610693315117,0.3522132317943836
ConcatModDrop,no_lyrics,amazing,0.2287921940208601,0.3002705139765554
ConcatModDrop,no_lyrics,epic,0.2123539434784593,0.2736318407960199
ConcatModDrop,no_lyrics,sad,0.3208826630107683,0.3614457831325301
ConcatModDrop,no_lyrics,catchy,0.3313345963278111,0.3760532150776053
ConcatModDrop,no_lyrics,guitar,0.2352082481784823,0.3182561307901907
ConcatModDrop,no_lyrics,folk,0.3769798770073853,0.4092326887086712
ConcatModDrop,no_lyrics,sexy,0.3434165523398694,0.3528102392877017
ConcatModDrop,no_lyrics,soul,0.4333526344787028,0.452947259565667
ConcatModDrop,no_lyrics,acoustic,0.3633650995232377,0.4161490683229814
ConcatModDrop,no_lyrics,melancholy,0.2874951202439499,0.3190975020145044
ConcatModDrop,no_lyrics,heavy metal,0.3278369313939224,0.4017467248908297
ConcatModDrop,no_lyrics,indie pop,0.214958491466167,0.2941176470588235
ConcatModDrop,no_lyrics,punk,0.4361568849102773,0.4857839155158407
ConcatModDrop,no_lyrics,6 of 10 stars,0.1447358605573865,0.2046470062555853
ConcatModDrop,no_lyrics,classic,0.2723290151100516,0.3449951409135082
ConcatModDrop,no_lyrics,loved,0.161829800062612,0.2507552870090634
ConcatModDrop,no_lyrics,70s,0.3785749287474393,0.4455239417071478
ConcatModDrop,no_lyrics,easy listening,0.3326256173526338,0.3868544600938967
ConcatModDrop,no_lyrics,ambient,0.3954112534702383,0.392434988179669
ConcatModDrop,no_visual,rock,0.7681439425892075,0.7472877187906842
ConcatModDrop,no_visual,pop,0.8264210660239775,0.7744900890548693
ConcatModDrop,no_visual,favorites,0.5914085896658672,0.6313220338983051
ConcatModDrop,no_visual,alternative,0.655730544078044,0.6379687237262486
ConcatModDrop,no_visual,indie,0.5563716074083973,0.5664352406033039
ConcatModDrop,no_visual,alternative rock,0.6081614939723425,0.5934005999454595
ConcatModDrop,no_visual,male vocalists,0.5250120982313334,0.5740612762036397
ConcatModDrop,no_visual,love,0.4879405330284825,0.5228325612177366
ConcatModDrop,no_visual,awesome,0.392959267490398,0.4324848484848484
ConcatModDrop,no_visual,beautiful,0.4247816673621979,0.4868523821921374
ConcatModDrop,no_visual,american,0.4082318171015264,0.4669917479369842
ConcatModDrop,no_visual,female vocalists,0.7592763492766248,0.7259337190952131
ConcatModDrop,no_visual,seen live,0.386217889421979,0.4199503995591072
ConcatModDrop,no_visual,electronic,0.6097976915466361,0.5866293314665734
ConcatModDrop,no_visual,00s,0.3905969766561209,0.4414414414414414
ConcatModDrop,no_visual,metal,0.6529017794018052,0.618944323933478
ConcatModDrop,no_visual,british,0.2969188023772553,0.3731859018659295
ConcatModDrop,no_visual,indie rock,0.5309378069416405,0.5369789332138055
ConcatModDrop,no_visual,singer songwriter,0.4211275859572219,0.4381868131868132
ConcatModDrop,no_visual,classic rock,0.4994827252421749,0.5010593220338984
ConcatModDrop,no_visual,mellow,0.4124383916929743,0.4691011235955056
ConcatModDrop,no_visual,dance,0.5789089079941013,0.5494333724110981
ConcatModDrop,no_visual,chill,0.298106226064111,0.3745819397993311
ConcatModDrop,no_visual,hard rock,0.4303615272484274,0.4524479459763647
ConcatModDrop,no_visual,chillout,0.3077915255635076,0.392
ConcatModDrop,no_visual,pop rock,0.4276794591041996,0.4554597701149425
ConcatModDrop,no_visual,90s,0.3269628667290595,0.3979404192717911
ConcatModDrop,no_visual,80s,0.5047606598212397,0.5
ConcatModDrop,no_visual,experimental,0.2538103865699078,0.3405734144222415
ConcatModDrop,no_visual,cool,0.2293489195566655,0.3075335397316821
ConcatModDrop,no_visual,love at first listen,0.2792113778147309,0.3490658800393313
ConcatModDrop,no_visual,amazing,0.212672085235076,0.2603664416586306
ConcatModDrop,no_visual,epic,0.1858380316106758,0.2464454976303317
ConcatModDrop,no_visual,sad,0.3223457367286484,0.36
ConcatModDrop,no_visual,catchy,0.3169142729755234,0.375985977212971
ConcatModDrop,no_visual,guitar,0.2345096386878413,0.2952646239554317
ConcatModDrop,no_visual,folk,0.4379940662439836,0.4232736572890025
ConcatModDrop,no_visual,sexy,0.3398107010588169,0.3522853957636566
ConcatModDrop,no_visual,soul,0.4614067959978391,0.4644808743169399
ConcatModDrop,no_visual,acoustic,0.357866563283612,0.3981117230527144
ConcatModDrop,no_visual,melancholy,0.2742693946581505,0.2963562753036437
ConcatModDrop,no_visual,heavy metal,0.3782129725394617,0.3934871099050203
ConcatModDrop,no_visual,indie pop,0.2301256232123833,0.3079800498753117
ConcatModDrop,no_visual,punk,0.4486883341658909,0.5038167938931297
ConcatModDrop,no_visual,6 of 10 stars,0.1410896168699881,0.195375176970269
ConcatModDrop,no_visual,classic,0.2504415916396023,0.3241843604350077
ConcatModDrop,no_visual,loved,0.1498462463875391,0.2194258749508454
ConcatModDrop,no_visual,70s,0.3869549885650909,0.4438393464942137
ConcatModDrop,no_visual,easy listening,0.3244453241174275,0.397410358565737
ConcatModDrop,no_visual,ambient,0.4711231515979375,0.4479283314669653
ConcatModDrop,random_one_missing,rock,0.7630097013025823,0.7314685314685314
ConcatModDrop,random_one_missing,pop,0.8272935064352036,0.7647230320699708
ConcatModDrop,random_one_missing,favorites,0.6039484209880619,0.6414990355469826
ConcatModDrop,random_one_missing,alternative,0.6369528525977858,0.6244433448787728
ConcatModDrop,random_one_missing,indie,0.5381404484842166,0.5458392101551481
ConcatModDrop,random_one_missing,alternative rock,0.5711237436764873,0.5651584936331617
ConcatModDrop,random_one_missing,male vocalists,0.5255168167284904,0.5514554205821682
ConcatModDrop,random_one_missing,love,0.4938084884189936,0.5184210526315789
ConcatModDrop,random_one_missing,awesome,0.3868120500645692,0.4330346330830709
ConcatModDrop,random_one_missing,beautiful,0.4314140190993007,0.4806443232008314
ConcatModDrop,random_one_missing,american,0.3853535899309194,0.4530567685589519
ConcatModDrop,random_one_missing,female vocalists,0.7489240322561319,0.703956343792633
ConcatModDrop,random_one_missing,seen live,0.385810739433681,0.4142340839588546
ConcatModDrop,random_one_missing,electronic,0.5443509235257414,0.5245664739884393
ConcatModDrop,random_one_missing,00s,0.4168308917181241,0.4588093806374023
ConcatModDrop,random_one_missing,metal,0.6119747022947128,0.5894428152492669
ConcatModDrop,random_one_missing,british,0.2955985907584599,0.3612995358800428
ConcatModDrop,random_one_missing,indie rock,0.4823708080142499,0.4857928505957837
ConcatModDrop,random_one_missing,singer songwriter,0.4194998895193306,0.439074200136147
ConcatModDrop,random_one_missing,classic rock,0.4883409041409251,0.4766611751784733
ConcatModDrop,random_one_missing,mellow,0.4017862118884904,0.4416243654822335
ConcatModDrop,random_one_missing,dance,0.5611467629426793,0.5266129032258065
ConcatModDrop,random_one_missing,chill,0.3004467888090441,0.363788767812238
ConcatModDrop,random_one_missing,hard rock,0.3757608636949879,0.3976470588235294
ConcatModDrop,random_one_missing,chillout,0.3272331374594344,0.3920778784827123
ConcatModDrop,random_one_missing,pop rock,0.4192319747708199,0.4368383909668313
ConcatModDrop,random_one_missing,90s,0.3386930903209295,0.373594486760972
ConcatModDrop,random_one_missing,80s,0.5319772275443907,0.494944119212347
ConcatModDrop,random_one_missing,experimental,0.2539603744028995,0.3261874737284573
ConcatModDrop,random_one_missing,cool,0.2449234786179842,0.3213639886334281
ConcatModDrop,random_one_missing,love at first listen,0.2900973392888766,0.3292140385565991
ConcatModDrop,random_one_missing,amazing,0.219976567171469,0.3001402524544179
ConcatModDrop,random_one_missing,epic,0.1905244902621156,0.2525510204081632
ConcatModDrop,random_one_missing,sad,0.3075863955252631,0.349862258953168
ConcatModDrop,random_one_missing,catchy,0.3387374070721567,0.3762287756925827
ConcatModDrop,random_one_missing,guitar,0.2361063023293633,0.3040804918949134
ConcatModDrop,random_one_missing,folk,0.3701787988805339,0.3852842809364548
ConcatModDrop,random_one_missing,sexy,0.3294025313260084,0.3437677859988617
ConcatModDrop,random_one_missing,soul,0.4169267729892608,0.4367301231802911
ConcatModDrop,random_one_missing,acoustic,0.3384092840072341,0.3573200992555831
ConcatModDrop,random_one_missing,melancholy,0.269019395522889,0.2981260647359455
ConcatModDrop,random_one_missing,heavy metal,0.30408929940301,0.3838383838383838
ConcatModDrop,random_one_missing,indie pop,0.206958610444683,0.2826498422712933
ConcatModDrop,random_one_missing,punk,0.3870748547692229,0.4235500878734622
ConcatModDrop,random_one_missing,6 of 10 stars,0.1443108485826318,0.2062043795620438
ConcatModDrop,random_one_missing,classic,0.2573408446041315,0.3427704752275025
ConcatModDrop,random_one_missing,loved,0.1539455825119077,0.2338366240805265
ConcatModDrop,random_one_missing,70s,0.3684327863314212,0.4196301564722617
ConcatModDrop,random_one_missing,easy listening,0.3178350139144711,0.3845768652979469
ConcatModDrop,random_one_missing,ambient,0.4000861101797853,0.4055619930475087
ConcatModDrop,random_two_missing,rock,0.692378288285694,0.7072301425661914
ConcatModDrop,random_two_missing,pop,0.7709218708036933,0.7383177570093458
ConcatModDrop,random_two_missing,favorites,0.5363949577309803,0.6202189311010946
ConcatModDrop,random_two_missing,alternative,0.5670031056367906,0.5972430326640695
ConcatModDrop,random_two_missing,indie,0.4469833760237728,0.5145172180958811
ConcatModDrop,random_two_missing,alternative rock,0.4685480552383668,0.500125786163522
ConcatModDrop,random_two_missing,male vocalists,0.439600887436269,0.5119965724078834
ConcatModDrop,random_two_missing,love,0.4283897420244821,0.4968180820715382
ConcatModDrop,random_two_missing,awesome,0.3370610995769954,0.4075079149706015
ConcatModDrop,random_two_missing,beautiful,0.3786332369175573,0.4550746646418628
ConcatModDrop,random_two_missing,american,0.3511943706482554,0.4405226539962668
ConcatModDrop,random_two_missing,female vocalists,0.6433098787843453,0.5871453387376955
ConcatModDrop,random_two_missing,seen live,0.3196058377603009,0.3800545770280327
ConcatModDrop,random_two_missing,electronic,0.4510732191992413,0.4152960526315789
ConcatModDrop,random_two_missing,00s,0.3498217062568268,0.4075799937868903
ConcatModDrop,random_two_missing,metal,0.4975907676495451,0.464926590538336
ConcatModDrop,random_two_missing,british,0.2519726105707228,0.2949019607843137
ConcatModDrop,random_two_missing,indie rock,0.3702269268709581,0.3742627345844504
ConcatModDrop,random_two_missing,singer songwriter,0.3491799751289569,0.3690607734806629
ConcatModDrop,random_two_missing,classic rock,0.3530749342202436,0.3823358512492736
ConcatModDrop,random_two_missing,mellow,0.3294396391362947,0.3879343260786559
ConcatModDrop,random_two_missing,dance,0.4731611050666742,0.4025036109773712
ConcatModDrop,random_two_missing,chill,0.2535509905279169,0.3372672436401783
ConcatModDrop,random_two_missing,hard rock,0.2894368480287115,0.3440608543007606
ConcatModDrop,random_two_missing,chillout,0.2778085870675024,0.3481675392670157
ConcatModDrop,random_two_missing,pop rock,0.3536804014965807,0.3726758286176233
ConcatModDrop,random_two_missing,90s,0.2813836685797424,0.3262618873445501
ConcatModDrop,random_two_missing,80s,0.3971623789792878,0.3375082399472643
ConcatModDrop,random_two_missing,experimental,0.2211084848360703,0.2865971417535728
ConcatModDrop,random_two_missing,cool,0.207808924825693,0.2926943857176415
ConcatModDrop,random_two_missing,love at first listen,0.2520631202215163,0.2119013062409288
ConcatModDrop,random_two_missing,amazing,0.1875209439972172,0.2264150943396226
ConcatModDrop,random_two_missing,epic,0.1682003718896513,0.2217261904761904
ConcatModDrop,random_two_missing,sad,0.2461801436221484,0.2281167108753315
ConcatModDrop,random_two_missing,catchy,0.2583385154758338,0.2965019433647973
ConcatModDrop,random_two_missing,guitar,0.1832933414250482,0.2372448979591837
ConcatModDrop,random_two_missing,folk,0.2696006687884892,0.3037974683544304
ConcatModDrop,random_two_missing,sexy,0.2923032759551333,0.2520385470719051
ConcatModDrop,random_two_missing,soul,0.3247025158854305,0.3371855880353501
ConcatModDrop,random_two_missing,acoustic,0.25891199048786,0.2334096109839817
ConcatModDrop,random_two_missing,melancholy,0.2082886330005888,0.1851851851851851
ConcatModDrop,random_two_missing,heavy metal,0.2494381941953763,0.3322259136212624
ConcatModDrop,random_two_missing,indie pop,0.1725961717562273,0.2175805047867711
ConcatModDrop,random_two_missing,punk,0.3076514497588654,0.2318840579710145
ConcatModDrop,random_two_missing,6 of 10 stars,0.1358013310293211,0.1910828025477707
ConcatModDrop,random_two_missing,classic,0.1964894945905914,0.2838569880823402
ConcatModDrop,random_two_missing,loved,0.1357869711627912,0.2133537989255564
ConcatModDrop,random_two_missing,70s,0.2855814591068246,0.3465272591486183
ConcatModDrop,random_two_missing,easy listening,0.2705268755285845,0.3108265424912689
ConcatModDrop,random_two_missing,ambient,0.2975604252802776,0.2868632707774799
ReliabilityGate,observed,rock,0.7932098886437,0.749266862170088
ReliabilityGate,observed,pop,0.8501413111034613,0.7788778877887789
ReliabilityGate,observed,favorites,0.64591535939847,0.6477322127227938
ReliabilityGate,observed,alternative,0.6706340149530912,0.6390268973787905
ReliabilityGate,observed,indie,0.5730508432102382,0.5693567251461988
ReliabilityGate,observed,alternative rock,0.6317755151057093,0.6007164508128962
ReliabilityGate,observed,male vocalists,0.5626027565613402,0.582692784527647
ReliabilityGate,observed,love,0.5242016932398006,0.5286151157710791
ReliabilityGate,observed,awesome,0.4304734580620989,0.4495693248124479
ReliabilityGate,observed,beautiful,0.4578788210486062,0.5067218200620476
ReliabilityGate,observed,american,0.4051376240518316,0.4645948072383949
ReliabilityGate,observed,female vocalists,0.7774824853062077,0.7417393602960614
ReliabilityGate,observed,seen live,0.4299415420460255,0.4492327783219066
ReliabilityGate,observed,electronic,0.6148700501182615,0.5864091065884788
ReliabilityGate,observed,00s,0.4538272571391593,0.4837133550488599
ReliabilityGate,observed,metal,0.6677470423213019,0.6389088298636038
ReliabilityGate,observed,british,0.2983454106572836,0.3627105366235801
ReliabilityGate,observed,indie rock,0.5414160105096788,0.5346956151553852
ReliabilityGate,observed,singer songwriter,0.4581552525876335,0.4650488953277797
ReliabilityGate,observed,classic rock,0.5199354490870414,0.5212181727408887
ReliabilityGate,observed,mellow,0.4500723128014983,0.4780669144981412
ReliabilityGate,observed,dance,0.6046045448607373,0.5754231052244297
ReliabilityGate,observed,chill,0.3356771099986702,0.3861578266494178
ReliabilityGate,observed,hard rock,0.436099821881089,0.4537093807480074
ReliabilityGate,observed,chillout,0.3537154306127135,0.4142173615857826
ReliabilityGate,observed,pop rock,0.4519837105440317,0.4622705642420122
ReliabilityGate,observed,90s,0.3654255033644099,0.3931121377572448
ReliabilityGate,observed,80s,0.5511995912718818,0.5383458646616541
ReliabilityGate,observed,experimental,0.2659310598958959,0.3259695630829651
ReliabilityGate,observed,cool,0.2620400585219116,0.328042328042328
ReliabilityGate,observed,love at first listen,0.3142472490760479,0.3727858293075684
ReliabilityGate,observed,amazing,0.2354094880446181,0.2930005425935973
ReliabilityGate,observed,epic,0.2103571945743032,0.2655654383735705
ReliabilityGate,observed,sad,0.350749687115313,0.3927125506072874
ReliabilityGate,observed,catchy,0.3552319631674155,0.3930635838150289
ReliabilityGate,observed,guitar,0.2608161671975428,0.3241271495570609
ReliabilityGate,observed,folk,0.4277219481976901,0.4247422680412371
ReliabilityGate,observed,sexy,0.3671647449033208,0.395338413267593
ReliabilityGate,observed,soul,0.4725177094606319,0.4584221748400853
ReliabilityGate,observed,acoustic,0.3864380609477671,0.4157386785449146
ReliabilityGate,observed,melancholy,0.2922016886383987,0.3188647746243739
ReliabilityGate,observed,heavy metal,0.3661636431723156,0.446629213483146
ReliabilityGate,observed,indie pop,0.2374310376359229,0.3174778761061947
ReliabilityGate,observed,punk,0.4555561177691016,0.4944707740916271
ReliabilityGate,observed,6 of 10 stars,0.1497564892976601,0.2040382571732199
ReliabilityGate,observed,classic,0.2762881660357963,0.3615819209039548
ReliabilityGate,observed,loved,0.164891536335001,0.246178600160901
ReliabilityGate,observed,70s,0.3967253772122847,0.4781643227239082
ReliabilityGate,observed,easy listening,0.3466302011374375,0.397037037037037
ReliabilityGate,observed,ambient,0.4560865012395862,0.4549590536851683
ReliabilityGate,no_audio,rock,0.7306818841242653,0.7113669064748201
ReliabilityGate,no_audio,pop,0.7991406864267668,0.7295577967416602
ReliabilityGate,no_audio,favorites,0.6098951005240267,0.6188883580187928
ReliabilityGate,no_audio,alternative,0.6017607536878873,0.6072664359861591
ReliabilityGate,no_audio,indie,0.4971269095274639,0.5331858407079646
ReliabilityGate,no_audio,alternative rock,0.5029306237511445,0.5110204081632653
ReliabilityGate,no_audio,male vocalists,0.4827239133305921,0.5014828794823403
ReliabilityGate,no_audio,love,0.4903405135873783,0.5080340264650284
ReliabilityGate,no_audio,awesome,0.3732365231909935,0.4044526901669759
ReliabilityGate,no_audio,beautiful,0.3923044390768194,0.4347592144202313
ReliabilityGate,no_audio,american,0.3706172335717629,0.4545656520773161
ReliabilityGate,no_audio,female vocalists,0.6545037893411412,0.6237041188007846
ReliabilityGate,no_audio,seen live,0.3396362056073236,0.3862841147655703
ReliabilityGate,no_audio,electronic,0.4130325285689554,0.4121355397951142
ReliabilityGate,no_audio,00s,0.4061336859265587,0.4444444444444444
ReliabilityGate,no_audio,metal,0.5090564967294542,0.4797979797979798
ReliabilityGate,no_audio,british,0.2539124691919947,0.3127240143369175
ReliabilityGate,no_audio,indie rock,0.3973947807861324,0.4382022471910112
ReliabilityGate,no_audio,singer songwriter,0.3910014634294347,0.4100609756097561
ReliabilityGate,no_audio,classic rock,0.3953519104135843,0.3955909369259032
ReliabilityGate,no_audio,mellow,0.3332501264022594,0.3762541806020067
ReliabilityGate,no_audio,dance,0.4755349195028157,0.421937195931004
ReliabilityGate,no_audio,chill,0.2802995649487643,0.3280148423005566
ReliabilityGate,no_audio,hard rock,0.2810477336705173,0.2664165103189493
ReliabilityGate,no_audio,chillout,0.2706540388798163,0.3302681992337165
ReliabilityGate,no_audio,pop rock,0.3659553296895266,0.4122505161734343
ReliabilityGate,no_audio,90s,0.2967563740978973,0.309623430962343
ReliabilityGate,no_audio,80s,0.4245186030314061,0.3547120418848167
ReliabilityGate,no_audio,experimental,0.2405629968342328,0.3030907278165503
ReliabilityGate,no_audio,cool,0.2401256246930878,0.30446735395189
ReliabilityGate,no_audio,love at first listen,0.2756950998816994,0.3303467082197117
ReliabilityGate,no_audio,amazing,0.2272515042140287,0.2942065491183879
ReliabilityGate,no_audio,epic,0.1822458241247705,0.2480712166172106
ReliabilityGate,no_audio,sad,0.2704482873328013,0.3109691160809372
ReliabilityGate,no_audio,catchy,0.3282012722128347,0.3631687242798354
ReliabilityGate,no_audio,guitar,0.2246819952801,0.2853470437017995
ReliabilityGate,no_audio,folk,0.2638544310420976,0.2931596091205212
ReliabilityGate,no_audio,sexy,0.3278160032305729,0.3632714500752634
ReliabilityGate,no_audio,soul,0.3602646773256905,0.3560137457044673
ReliabilityGate,no_audio,acoustic,0.2479738079927441,0.2778761061946903
ReliabilityGate,no_audio,melancholy,0.201809867886625,0.2018181818181818
ReliabilityGate,no_audio,heavy metal,0.2552250487867414,0.2950191570881226
ReliabilityGate,no_audio,indie pop,0.1932681102267465,0.2626892252894033
ReliabilityGate,no_audio,punk,0.2453042190881516,0.1797468354430379
ReliabilityGate,no_audio,6 of 10 stars,0.140989674987007,0.1629434954007884
ReliabilityGate,no_audio,classic,0.2445571912405376,0.2984469952734638
ReliabilityGate,no_audio,loved,0.1497937967099852,0.2351351351351351
ReliabilityGate,no_audio,70s,0.2930746896517649,0.3390151515151515
ReliabilityGate,no_audio,easy listening,0.2858331886152655,0.3266301035953687
ReliabilityGate,no_audio,ambient,0.3028847251712008,0.3721770551038844
ReliabilityGate,no_lyrics,rock,0.7734148609237457,0.7317924116877453
ReliabilityGate,no_lyrics,pop,0.8361780786200077,0.7656940760389036
ReliabilityGate,no_lyrics,favorites,0.6286900985675221,0.6489151873767258
ReliabilityGate,no_lyrics,alternative,0.6332393613721867,0.6231884057971014
ReliabilityGate,no_lyrics,indie,0.5203967139842546,0.5466827503015681
ReliabilityGate,no_lyrics,alternative rock,0.59555345074347,0.5677139761646804
ReliabilityGate,no_lyrics,male vocalists,0.5307813864858227,0.5726791061967289
ReliabilityGate,no_lyrics,love,0.4897733613635546,0.5210183540556542
ReliabilityGate,no_lyrics,awesome,0.4206654633137645,0.442366144493804
ReliabilityGate,no_lyrics,beautiful,0.452102266647044,0.5107879924953096
ReliabilityGate,no_lyrics,american,0.3622989292933335,0.4387385834912976
ReliabilityGate,no_lyrics,female vocalists,0.775939964726286,0.7445449707291112
ReliabilityGate,no_lyrics,seen live,0.4218605012722271,0.4343257443082312
ReliabilityGate,no_lyrics,electronic,0.5839769300104161,0.5674300254452926
ReliabilityGate,no_lyrics,00s,0.4473993292014326,0.4788593903638151
ReliabilityGate,no_lyrics,metal,0.6030693203789591,0.5992366412213741
ReliabilityGate,no_lyrics,british,0.2850160955800918,0.3460736622654621
ReliabilityGate,no_lyrics,indie rock,0.4869582373869782,0.4860383944153578
ReliabilityGate,no_lyrics,singer songwriter,0.4230994046813223,0.4505566470203012
ReliabilityGate,no_lyrics,classic rock,0.4613374871796141,0.4878661087866108
ReliabilityGate,no_lyrics,mellow,0.4257419478351437,0.4733690513709423
ReliabilityGate,no_lyrics,dance,0.5929587228208258,0.5668173014848289
ReliabilityGate,no_lyrics,chill,0.3231797812122853,0.382010582010582
ReliabilityGate,no_lyrics,hard rock,0.391876802052291,0.414195430238211
ReliabilityGate,no_lyrics,chillout,0.3526370733948298,0.4080934739241949
ReliabilityGate,no_lyrics,pop rock,0.4290245614279425,0.4513715710723192
ReliabilityGate,no_lyrics,90s,0.3634816595536063,0.4035398230088495
ReliabilityGate,no_lyrics,80s,0.5247376863820039,0.526410835214447
ReliabilityGate,no_lyrics,experimental,0.2504847845465716,0.301710730948678
ReliabilityGate,no_lyrics,cool,0.2614776204535547,0.31875
ReliabilityGate,no_lyrics,love at first listen,0.3020113785389898,0.3557796182931221
ReliabilityGate,no_lyrics,amazing,0.2220953739261213,0.2915642915642916
ReliabilityGate,no_lyrics,epic,0.2045774037760295,0.2734452122408687
ReliabilityGate,no_lyrics,sad,0.3137184279211384,0.3821070234113712
ReliabilityGate,no_lyrics,catchy,0.3254482271584038,0.3723769553605494
ReliabilityGate,no_lyrics,guitar,0.2310139362974438,0.3092948717948718
ReliabilityGate,no_lyrics,folk,0.3772231463973529,0.3978365384615384
ReliabilityGate,no_lyrics,sexy,0.3394968802355252,0.3912721893491124
ReliabilityGate,no_lyrics,soul,0.4175227214073528,0.4375538329026701
ReliabilityGate,no_lyrics,acoustic,0.357463898098406,0.4004683840749414
ReliabilityGate,no_lyrics,melancholy,0.2784440789345614,0.3628205128205128
ReliabilityGate,no_lyrics,heavy metal,0.3083625237181532,0.4026845637583892
ReliabilityGate,no_lyrics,indie pop,0.2092624342701466,0.2855524079320113
ReliabilityGate,no_lyrics,punk,0.4435503596145523,0.4746450304259635
ReliabilityGate,no_lyrics,6 of 10 stars,0.1419994903347981,0.2123613312202852
ReliabilityGate,no_lyrics,classic,0.2508661853460708,0.325434439178515
ReliabilityGate,no_lyrics,loved,0.1657797264487198,0.2484929671801741
ReliabilityGate,no_lyrics,70s,0.3726221936193848,0.4437299035369775
ReliabilityGate,no_lyrics,easy listening,0.3216529917416038,0.3843226788432268
ReliabilityGate,no_lyrics,ambient,0.3446207846049597,0.395882818685669
ReliabilityGate,no_visual,rock,0.7650826193020793,0.7383093525179856
ReliabilityGate,no_visual,pop,0.8242057419810129,0.7697852530409971
ReliabilityGate,no_visual,favorites,0.5892681128707323,0.6329185520361991
ReliabilityGate,no_visual,alternative,0.6432583408189456,0.6341027017355519
ReliabilityGate,no_visual,indie,0.545726104821197,0.5690848500384517
ReliabilityGate,no_visual,alternative rock,0.5985114453680016,0.5961209355390759
ReliabilityGate,no_visual,male vocalists,0.5179855122392609,0.565206871521897
ReliabilityGate,no_visual,love,0.4766300209954673,0.5139664804469274
ReliabilityGate,no_visual,awesome,0.3890017370748659,0.4195402298850574
ReliabilityGate,no_visual,beautiful,0.416912355725004,0.4870493991989319
ReliabilityGate,no_visual,american,0.4126702345385991,0.4671238402581686
ReliabilityGate,no_visual,female vocalists,0.7486258887350038,0.7123789583878566
ReliabilityGate,no_visual,seen live,0.3824447378804585,0.4287564766839378
ReliabilityGate,no_visual,electronic,0.6061498633517498,0.5830485304169515
ReliabilityGate,no_visual,00s,0.376119518094723,0.4457582027785989
ReliabilityGate,no_visual,metal,0.6415867005565496,0.6239782016348774
ReliabilityGate,no_visual,british,0.2858153339839634,0.3564356435643564
ReliabilityGate,no_visual,indie rock,0.5178284920824596,0.5208140610545791
ReliabilityGate,no_visual,singer songwriter,0.4136829960983222,0.4358318098720292
ReliabilityGate,no_visual,classic rock,0.4848664965813124,0.5056433408577878
ReliabilityGate,no_visual,mellow,0.411994896600261,0.4669636228656273
ReliabilityGate,no_visual,dance,0.577760957470141,0.5521105715353007
ReliabilityGate,no_visual,chill,0.2988209157642774,0.3650741350906095
ReliabilityGate,no_visual,hard rock,0.4052809313163738,0.452977184195882
ReliabilityGate,no_visual,chillout,0.3138349637763635,0.3901079763148729
ReliabilityGate,no_visual,pop rock,0.4190984938517468,0.4551163649796823
ReliabilityGate,no_visual,90s,0.3217645944046116,0.3847415914684167
ReliabilityGate,no_visual,80s,0.4787595188575069,0.4973821989528796
ReliabilityGate,no_visual,experimental,0.2415540997234297,0.3200785468826705
ReliabilityGate,no_visual,cool,0.222255127664897,0.3098901098901099
ReliabilityGate,no_visual,love at first listen,0.2738477893876755,0.3476997578692494
ReliabilityGate,no_visual,amazing,0.1981892239118902,0.2080217539089055
ReliabilityGate,no_visual,epic,0.176651135714985,0.2253129346314325
ReliabilityGate,no_visual,sad,0.310455902320859,0.3754439370877727
ReliabilityGate,no_visual,catchy,0.3072413939091334,0.3551401869158878
ReliabilityGate,no_visual,guitar,0.2301855711737967,0.3001500750375188
ReliabilityGate,no_visual,folk,0.4263572042723782,0.4183937823834197
ReliabilityGate,no_visual,sexy,0.3374400342595489,0.3660922217047042
ReliabilityGate,no_visual,soul,0.4653229080998839,0.4516129032258064
ReliabilityGate,no_visual,acoustic,0.353036302335355,0.3991260014566642
ReliabilityGate,no_visual,melancholy,0.2694992111935902,0.3008442056792018
ReliabilityGate,no_visual,heavy metal,0.3365441837501922,0.3922984356197352
ReliabilityGate,no_visual,indie pop,0.2243547972240866,0.2992935131663455
ReliabilityGate,no_visual,punk,0.4438363055824404,0.4908424908424908
ReliabilityGate,no_visual,6 of 10 stars,0.1401369557266846,0.1992110453648915
ReliabilityGate,no_visual,classic,0.2475709534043126,0.3270499528746465
ReliabilityGate,no_visual,loved,0.1461954587482368,0.2146705346042271
ReliabilityGate,no_visual,70s,0.3822624876964204,0.4427284427284427
ReliabilityGate,no_visual,easy listening,0.3162594994062878,0.3879436071949441
ReliabilityGate,no_visual,ambient,0.4660965235859707,0.4434550311665182
ReliabilityGate,random_one_missing,rock,0.7562717062707425,0.7252166250550741
ReliabilityGate,random_one_missing,pop,0.8205928975008316,0.754585417614067
ReliabilityGate,random_one_missing,favorites,0.5979686387684972,0.6355195283714076
ReliabilityGate,random_one_missing,alternative,0.6177987860605756,0.6151685393258427
ReliabilityGate,random_one_missing,indie,0.5214962033940457,0.5516908212560386
ReliabilityGate,random_one_missing,alternative rock,0.5594734879060725,0.5562656293414837
ReliabilityGate,random_one_missing,male vocalists,0.5072308852694506,0.5485544848035582
ReliabilityGate,random_one_missing,love,0.480682874564672,0.516100957354221
ReliabilityGate,random_one_missing,awesome,0.3817912679606634,0.4226579520697168
ReliabilityGate,random_one_missing,beautiful,0.4295686225856564,0.4793050587634134
ReliabilityGate,random_one_missing,american,0.3649825169097106,0.4500488758553275
ReliabilityGate,random_one_missing,female vocalists,0.7289342274479167,0.6979757085020243
ReliabilityGate,random_one_missing,seen live,0.3807523509667431,0.4092366901860166
ReliabilityGate,random_one_missing,electronic,0.5281120592486952,0.5126253891387064
ReliabilityGate,random_one_missing,00s,0.4057140991457294,0.4576177285318559
ReliabilityGate,random_one_missing,metal,0.580050081348396,0.571830985915493
ReliabilityGate,random_one_missing,british,0.2763707590217445,0.3398744113029827
ReliabilityGate,random_one_missing,indie rock,0.4634065555201354,0.48284625158831
ReliabilityGate,random_one_missing,singer songwriter,0.415229130986547,0.4405569439485898
ReliabilityGate,random_one_missing,classic rock,0.4514916017357592,0.4764196342637151
ReliabilityGate,random_one_missing,mellow,0.3888363115600181,0.4455696202531645
ReliabilityGate,random_one_missing,dance,0.5481747228419922,0.5232601414216599
ReliabilityGate,random_one_missing,chill,0.3025882066818784,0.3619167717528373
ReliabilityGate,random_one_missing,hard rock,0.3355554495824141,0.3841059602649007
ReliabilityGate,random_one_missing,chillout,0.3202098506886734,0.3777851679414699
ReliabilityGate,random_one_missing,pop rock,0.401307495608676,0.4391080617495712
ReliabilityGate,random_one_missing,90s,0.3224914317370765,0.3727272727272727
ReliabilityGate,random_one_missing,80s,0.487543356594851,0.4857571214392803
ReliabilityGate,random_one_missing,experimental,0.2452274721559275,0.3258883248730964
ReliabilityGate,random_one_missing,cool,0.2405136469264177,0.3174157303370786
ReliabilityGate,random_one_missing,love at first listen,0.2790515809132888,0.3466023321270607
ReliabilityGate,random_one_missing,amazing,0.2135243883501666,0.285286783042394
ReliabilityGate,random_one_missing,epic,0.1888368805187056,0.2479815455594002
ReliabilityGate,random_one_missing,sad,0.2968721324128238,0.3632905373276271
ReliabilityGate,random_one_missing,catchy,0.3234767876784273,0.3720073664825046
ReliabilityGate,random_one_missing,guitar,0.2211336443124339,0.2929745889387145
ReliabilityGate,random_one_missing,folk,0.3486922257777988,0.3726287262872628
ReliabilityGate,random_one_missing,sexy,0.3141505172935382,0.3781659388646288
ReliabilityGate,random_one_missing,soul,0.3975699430526107,0.4159021406727828
ReliabilityGate,random_one_missing,acoustic,0.3282601100664,0.3610518834399431
ReliabilityGate,random_one_missing,melancholy,0.2578674424268072,0.3048048048048048
ReliabilityGate,random_one_missing,heavy metal,0.2798295633194844,0.3580901856763925
ReliabilityGate,random_one_missing,indie pop,0.202637941229616,0.2791461412151067
ReliabilityGate,random_one_missing,punk,0.3816660559111792,0.4175642087821044
ReliabilityGate,random_one_missing,6 of 10 stars,0.1487622707657091,0.1953853706431026
ReliabilityGate,random_one_missing,classic,0.2383255596844369,0.3190661478599221
ReliabilityGate,random_one_missing,loved,0.1528677613496566,0.234923137564052
ReliabilityGate,random_one_missing,70s,0.3533728152593602,0.4261818181818181
ReliabilityGate,random_one_missing,easy listening,0.3054917048426406,0.3677839851024208
ReliabilityGate,random_one_missing,ambient,0.371915210325591,0.406631762652705
ReliabilityGate,random_two_missing,rock,0.6857896383027065,0.6914956011730206
ReliabilityGate,random_two_missing,pop,0.7551844436362074,0.7177593105570945
ReliabilityGate,random_two_missing,favorites,0.534963069577553,0.6035342093339374
ReliabilityGate,random_two_missing,alternative,0.543501637643918,0.5816045529649349
ReliabilityGate,random_two_missing,indie,0.4235225946576199,0.4949569495694957
ReliabilityGate,random_two_missing,alternative rock,0.4449904877422144,0.4895027624309392
ReliabilityGate,random_two_missing,male vocalists,0.4292694152731525,0.5014409221902018
ReliabilityGate,random_two_missing,love,0.4164167707037667,0.4757260031035247
ReliabilityGate,random_two_missing,awesome,0.3197088199753305,0.3726907630522088
ReliabilityGate,random_two_missing,beautiful,0.3697413149972379,0.42498056491319
ReliabilityGate,random_two_missing,american,0.3259446177802722,0.4272226593233674
ReliabilityGate,random_two_missing,female vocalists,0.625398378036391,0.5759911894273128
ReliabilityGate,random_two_missing,seen live,0.2991058500011861,0.3676844783715012
ReliabilityGate,random_two_missing,electronic,0.4356167759689426,0.4297933000712758
ReliabilityGate,random_two_missing,00s,0.3309483006313143,0.3939137785291631
ReliabilityGate,random_two_missing,metal,0.4694326101949037,0.4704264099037138
ReliabilityGate,random_two_missing,british,0.2399063049105183,0.2921606118546845
ReliabilityGate,random_two_missing,indie rock,0.337082992380856,0.4025713137806348
ReliabilityGate,random_two_missing,singer songwriter,0.3431152671262722,0.3862752033958259
ReliabilityGate,random_two_missing,classic rock,0.3351628263400404,0.3748845798707294
ReliabilityGate,random_two_missing,mellow,0.3187656921415948,0.3855249014690075
ReliabilityGate,random_two_missing,dance,0.4600719541739146,0.4398308342945021
ReliabilityGate,random_two_missing,chill,0.2494641341953867,0.3109971144597627
ReliabilityGate,random_two_missing,hard rock,0.2682457345387637,0.3094521372667068
ReliabilityGate,random_two_missing,chillout,0.2724630648005552,0.3255055446836268
ReliabilityGate,random_two_missing,pop rock,0.3236291988188742,0.3741801863997238
ReliabilityGate,random_two_missing,90s,0.2732463252931384,0.3037759864234196
ReliabilityGate,random_two_missing,80s,0.3698396286303631,0.3818090954522739
ReliabilityGate,random_two_missing,experimental,0.2177660234918743,0.2885278188084687
ReliabilityGate,random_two_missing,cool,0.2160128695717106,0.2840679919331604
ReliabilityGate,random_two_missing,love at first listen,0.2339797159612329,0.2982026143790849
ReliabilityGate,random_two_missing,amazing,0.1739612134150152,0.2250470809792843
ReliabilityGate,random_two_missing,epic,0.1666336775091544,0.2522146951537259
ReliabilityGate,random_two_missing,sad,0.2300488648538717,0.3043478260869565
ReliabilityGate,random_two_missing,catchy,0.2492898189701274,0.3107747105966162
ReliabilityGate,random_two_missing,guitar,0.1697970983134012,0.2335970218706375
ReliabilityGate,random_two_missing,folk,0.2516417871927187,0.3000678886625934
ReliabilityGate,random_two_missing,sexy,0.2774518680288443,0.3371647509578544
ReliabilityGate,random_two_missing,soul,0.3175298309942667,0.3526992287917738
ReliabilityGate,random_two_missing,acoustic,0.2434958472128191,0.2816326530612245
ReliabilityGate,random_two_missing,melancholy,0.1960565853118183,0.251537935748462
ReliabilityGate,random_two_missing,heavy metal,0.2247667708435573,0.3396704689480355
ReliabilityGate,random_two_missing,indie pop,0.1605643550143325,0.2418753329781566
ReliabilityGate,random_two_missing,punk,0.2930090702699962,0.298811544991511
ReliabilityGate,random_two_missing,6 of 10 stars,0.1377638615077127,0.1894252873563218
ReliabilityGate,random_two_missing,classic,0.1902174820308816,0.2649066909421939
ReliabilityGate,random_two_missing,loved,0.1403516514588895,0.2166796570537802
ReliabilityGate,random_two_missing,70s,0.2732346727643899,0.3319946452476573
ReliabilityGate,random_two_missing,easy listening,0.2566983201502101,0.3182854537163703
ReliabilityGate,random_two_missing,ambient,0.264057587333863,0.3264659270998415
RAMT,observed,rock,0.7936052789441777,0.750627491510409
RAMT,observed,pop,0.8538259542244645,0.7777610366129275
RAMT,observed,favorites,0.6422194128363347,0.6535813680972609
RAMT,observed,alternative,0.6743499938480907,0.6421089385474861
RAMT,observed,indie,0.5753400717157429,0.5696798493408662
RAMT,observed,alternative rock,0.629578970076818,0.6010544815465729
RAMT,observed,male vocalists,0.5681677117526392,0.5897308075772681
RAMT,observed,love,0.5245473766778407,0.5402015677491602
RAMT,observed,awesome,0.4312645405353423,0.4608
RAMT,observed,beautiful,0.458570907063916,0.5050291159343568
RAMT,observed,american,0.4116454895908751,0.4668989547038327
RAMT,observed,female vocalists,0.7813106280240082,0.7466314398943197
RAMT,observed,seen live,0.4408736857195774,0.4558109420524441
RAMT,observed,electronic,0.6078208229068729,0.5869565217391305
RAMT,observed,00s,0.4545693200779978,0.4895265423242467
RAMT,observed,metal,0.6846036630559909,0.6453952139231327
RAMT,observed,british,0.3169371669332023,0.3618661257606491
RAMT,observed,indie rock,0.5423460292648353,0.5299425758818704
RAMT,observed,singer songwriter,0.4504476720410745,0.4576033637000701
RAMT,observed,classic rock,0.5266232589690208,0.51953125
RAMT,observed,mellow,0.4465407699994881,0.488397001071046
RAMT,observed,dance,0.603808023155142,0.5748287053732419
RAMT,observed,chill,0.3375041800188421,0.385871178391214
RAMT,observed,hard rock,0.4518888486459227,0.4597402597402597
RAMT,observed,chillout,0.3509767871169189,0.4118673647469459
RAMT,observed,pop rock,0.4570406211080395,0.465970471732085
RAMT,observed,90s,0.3720704533256814,0.4118589743589743
RAMT,observed,80s,0.5665698920023337,0.5479582146248813
RAMT,observed,experimental,0.2662612641304858,0.3290488431876606
RAMT,observed,cool,0.2624046855499712,0.3288888888888889
RAMT,observed,love at first listen,0.3281642651228525,0.373775433308214
RAMT,observed,amazing,0.241901533474063,0.2964531498147167
RAMT,observed,epic,0.2098459068521895,0.2792538157150933
RAMT,observed,sad,0.3514140723254351,0.399529964747356
RAMT,observed,catchy,0.3559508295542877,0.3998280309544282
RAMT,observed,guitar,0.2622748194720189,0.3155021834061135
RAMT,observed,folk,0.4290381855996955,0.4262516914749661
RAMT,observed,sexy,0.3730542072685759,0.3842028278888347
RAMT,observed,soul,0.4736669225737369,0.464604090194022
RAMT,observed,acoustic,0.3791683688330437,0.4237560192616372
RAMT,observed,melancholy,0.3031130984169196,0.3345669874167283
RAMT,observed,heavy metal,0.4074507140941668,0.453125
RAMT,observed,indie pop,0.2354868302845006,0.3329493087557603
RAMT,observed,punk,0.4775461759883764,0.5024390243902439
RAMT,observed,6 of 10 stars,0.1472613776457755,0.1939875212705615
RAMT,observed,classic,0.2895341577617177,0.3586854460093897
RAMT,observed,loved,0.1667626481636883,0.2450980392156862
RAMT,observed,70s,0.4106591346179885,0.4813404417364813
RAMT,observed,easy listening,0.3540370340656547,0.4047976011994003
RAMT,observed,ambient,0.4652634897527029,0.4550561797752809
RAMT,no_audio,rock,0.7389149042251493,0.7223922114047288
RAMT,no_audio,pop,0.8118670528382734,0.746277635734697
RAMT,no_audio,favorites,0.6064740113210179,0.6326442099175943
RAMT,no_audio,alternative,0.614677780683462,0.6152805949966194
RAMT,no_audio,indie,0.5093585103779157,0.5399863294600137
RAMT,no_audio,alternative rock,0.5158255241515339,0.5209251101321586
RAMT,no_audio,male vocalists,0.4992832161598424,0.5306799336650083
RAMT,no_audio,love,0.4978472044758382,0.5177553704515563
RAMT,no_audio,awesome,0.3764173796076128,0.4243495832280879
RAMT,no_audio,beautiful,0.4021310834831488,0.4594525454080327
RAMT,no_audio,american,0.375743187148094,0.45863953269267
RAMT,no_audio,female vocalists,0.6641120092407793,0.6301669860388721
RAMT,no_audio,seen live,0.3685839041015242,0.4116222760290557
RAMT,no_audio,electronic,0.4235815674415663,0.4423592493297587
RAMT,no_audio,00s,0.4142853126629992,0.4425910480956352
RAMT,no_audio,metal,0.5697615221797393,0.5273159144893111
RAMT,no_audio,british,0.2808254102031268,0.3474842767295597
RAMT,no_audio,indie rock,0.406771746706508,0.4533437013996889
RAMT,no_audio,singer songwriter,0.3914143767961536,0.4160558464223385
RAMT,no_audio,classic rock,0.432176337117527,0.4521000471920717
RAMT,no_audio,mellow,0.3442591829220195,0.4062611170401992
RAMT,no_audio,dance,0.4930630721007165,0.4883546205860255
RAMT,no_audio,chill,0.2859066289129768,0.3514866058286723
RAMT,no_audio,hard rock,0.3144368706050142,0.3271954674220963
RAMT,no_audio,chillout,0.2776349915069315,0.355962011959198
RAMT,no_audio,pop rock,0.3829379049452962,0.4091698506425842
RAMT,no_audio,90s,0.3224494544473685,0.3452012383900928
RAMT,no_audio,80s,0.4594827280000924,0.4464202152550304
RAMT,no_audio,experimental,0.2422128996846722,0.3104352385946513
RAMT,no_audio,cool,0.2416926607387436,0.3069498069498069
RAMT,no_audio,love at first listen,0.2969940846631578,0.3486100676183321
RAMT,no_audio,amazing,0.2287041585183672,0.2947067238912732
RAMT,no_audio,epic,0.1784539585259528,0.2498750624687656
RAMT,no_audio,sad,0.278526480894563,0.3267441860465116
RAMT,no_audio,catchy,0.3360688502404144,0.3811527135044173
RAMT,no_audio,guitar,0.2365949830957823,0.2945817990531299
RAMT,no_audio,folk,0.2996188683853838,0.3311546840958606
RAMT,no_audio,sexy,0.3434353153445101,0.3720056364490371
RAMT,no_audio,soul,0.3787072702926412,0.3986599664991624
RAMT,no_audio,acoustic,0.2673119762256536,0.3152364273204903
RAMT,no_audio,melancholy,0.2217024841392089,0.2501883948756593
RAMT,no_audio,heavy metal,0.3272979900711164,0.4005805515239477
RAMT,no_audio,indie pop,0.2030212100573944,0.2786016949152542
RAMT,no_audio,punk,0.2836090212995902,0.2975369458128079
RAMT,no_audio,6 of 10 stars,0.1387857261671241,0.1863612701717855
RAMT,no_audio,classic,0.2626367384065666,0.3257713248638838
RAMT,no_audio,loved,0.1543883162737317,0.231052847193773
RAMT,no_audio,70s,0.3228106618403356,0.3815480844409695
RAMT,no_audio,easy listening,0.3086404543125449,0.3529411764705882
RAMT,no_audio,ambient,0.3229956515061475,0.3683702989392478
RAMT,no_lyrics,rock,0.7767619431510969,0.7354368932038835
RAMT,no_lyrics,pop,0.8404691176365465,0.7621247113163973
RAMT,no_lyrics,favorites,0.6334134612787236,0.6505915830462783
RAMT,no_lyrics,alternative,0.642196137265119,0.6254493170381021
RAMT,no_lyrics,indie,0.5237733240172904,0.5440153514032142
RAMT,no_lyrics,alternative rock,0.5960729780174598,0.5677114133648729
RAMT,no_lyrics,male vocalists,0.540597189001875,0.5738522954091816
RAMT,no_lyrics,love,0.4921064353846605,0.5200262639527249
RAMT,no_lyrics,awesome,0.4243697675071518,0.451579758540971
RAMT,no_lyrics,beautiful,0.4501405062553375,0.5042624644794627
RAMT,no_lyrics,american,0.3794350032584807,0.4468125594671741
RAMT,no_lyrics,female vocalists,0.782090602973431,0.7506027323868203
RAMT,no_lyrics,seen live,0.4297903102073547,0.4420243433696348
RAMT,no_lyrics,electronic,0.5866275417325107,0.571246413771119
RAMT,no_lyrics,00s,0.4499867101186572,0.4783224709549447
RAMT,no_lyrics,metal,0.6285386152170878,0.6118286879673691
RAMT,no_lyrics,british,0.3007412153688268,0.3567438148443735
RAMT,no_lyrics,indie rock,0.4901727464628329,0.493560448691317
RAMT,no_lyrics,singer songwriter,0.4216081419790826,0.4420485175202156
RAMT,no_lyrics,classic rock,0.4727188732418352,0.4901222953904045
RAMT,no_lyrics,mellow,0.4260332747333301,0.4738983050847458
RAMT,no_lyrics,dance,0.5933117379036317,0.5618055555555556
RAMT,no_lyrics,chill,0.327699688232511,0.3826384922901199
RAMT,no_lyrics,hard rock,0.4146435008539655,0.4438994481912937
RAMT,no_lyrics,chillout,0.3508013454261913,0.4077540106951872
RAMT,no_lyrics,pop rock,0.4351866952154196,0.4456030587417449
RAMT,no_lyrics,90s,0.3677100167104875,0.4043715846994535
RAMT,no_lyrics,80s,0.5497100552095804,0.5342723004694836
RAMT,no_lyrics,experimental,0.2530502056259917,0.3163672654690618
RAMT,no_lyrics,cool,0.2603395909322548,0.3247058823529412
RAMT,no_lyrics,love at first listen,0.3169949089933951,0.3616236162361623
RAMT,no_lyrics,amazing,0.2280428354114997,0.2938215102974828
RAMT,no_lyrics,epic,0.2130219572475193,0.2829711975745326
RAMT,no_lyrics,sad,0.3218562124348526,0.3895410885805763
RAMT,no_lyrics,catchy,0.3280160280994307,0.3765758438389589
RAMT,no_lyrics,guitar,0.2348871554063379,0.3192019950124688
RAMT,no_lyrics,folk,0.3701493485697534,0.4059962523422861
RAMT,no_lyrics,sexy,0.3445664173970203,0.384227418615314
RAMT,no_lyrics,soul,0.4317155189177016,0.4510385756676557
RAMT,no_lyrics,acoustic,0.3566994898525211,0.4195605953224663
RAMT,no_lyrics,melancholy,0.2894681634205227,0.3638743455497382
RAMT,no_lyrics,heavy metal,0.3465784440615547,0.4411400247831474
RAMT,no_lyrics,indie pop,0.2125722424979939,0.2887760857304005
RAMT,no_lyrics,punk,0.4611998764791953,0.4861441013460015
RAMT,no_lyrics,6 of 10 stars,0.1453612967886909,0.2044025157232704
RAMT,no_lyrics,classic,0.2790854605793446,0.3399209486166007
RAMT,no_lyrics,loved,0.1626876127972682,0.2497918401332223
RAMT,no_lyrics,70s,0.3831912686619697,0.4439560439560439
RAMT,no_lyrics,easy listening,0.3374384526333071,0.3884892086330935
RAMT,no_lyrics,ambient,0.3922134730083946,0.4291701592623638
RAMT,no_visual,rock,0.7693124664971771,0.7428656805617809
RAMT,no_visual,pop,0.829594361455813,0.770936329588015
RAMT,no_visual,favorites,0.5937339376378378,0.6393537218695903
RAMT,no_visual,alternative,0.6480140043719231,0.635230352303523
RAMT,no_visual,indie,0.5553104591096973,0.5699456253089471
RAMT,no_visual,alternative rock,0.6072545766451037,0.6007025761124122
RAMT,no_visual,male vocalists,0.5292066531950335,0.5741935483870968
RAMT,no_visual,love,0.4884878731152178,0.5218978102189781
RAMT,no_visual,awesome,0.3957916593335402,0.4353925006743998
RAMT,no_visual,beautiful,0.4248275192976518,0.494496644295302
RAMT,no_visual,american,0.4091012689274479,0.4665880503144654
RAMT,no_visual,female vocalists,0.7550045411084394,0.7238689547581904
RAMT,no_visual,seen live,0.3943970816267269,0.4339440694310511
RAMT,no_visual,electronic,0.6053357635460931,0.5832784726793944
RAMT,no_visual,00s,0.386368431150438,0.4391121775644871
RAMT,no_visual,metal,0.6552016223059656,0.6343549536707056
RAMT,no_visual,british,0.2971766666770792,0.3603385731559855
RAMT,no_visual,indie rock,0.5324881466013341,0.541968470387729
RAMT,no_visual,singer songwriter,0.4171250052280623,0.4342857142857143
RAMT,no_visual,classic rock,0.4890799777914386,0.5068299576071597
RAMT,no_visual,mellow,0.4156699042600312,0.4793152639087018
RAMT,no_visual,dance,0.5822209803725213,0.5588235294117647
RAMT,no_visual,chill,0.3001708413091715,0.3732057416267942
RAMT,no_visual,hard rock,0.4213696012468935,0.4689572031344183
RAMT,no_visual,chillout,0.311890331640384,0.3940990516332982
RAMT,no_visual,pop rock,0.4292119549508346,0.4573820395738204
RAMT,no_visual,90s,0.3286485662340203,0.3897522049559009
RAMT,no_visual,80s,0.4966606087250151,0.5002315886984715
RAMT,no_visual,experimental,0.2463138533387183,0.3243243243243243
RAMT,no_visual,cool,0.2303536559609051,0.3010981225646475
RAMT,no_visual,love at first listen,0.286474300163418,0.3741987179487179
RAMT,no_visual,amazing,0.2164318486657555,0.2586109542631282
RAMT,no_visual,epic,0.1779243614498016,0.247086247086247
RAMT,no_visual,sad,0.3251350791900511,0.3755760368663594
RAMT,no_visual,catchy,0.3154929321634793,0.3716038562664329
RAMT,no_visual,guitar,0.2343720407801297,0.2957821676454885
RAMT,no_visual,folk,0.4317924277606629,0.4241628365068943
RAMT,no_visual,sexy,0.3450551650951142,0.3639128231120122
RAMT,no_visual,soul,0.4569816174985076,0.4576446280991735
RAMT,no_visual,acoustic,0.3579075793695019,0.3953846153846154
RAMT,no_visual,melancholy,0.2727334208759088,0.3357245337159254
RAMT,no_visual,heavy metal,0.369100870946567,0.4096385542168674
RAMT,no_visual,indie pop,0.2324111054733494,0.3068592057761732
RAMT,no_visual,punk,0.4588184134261366,0.5065034429992349
RAMT,no_visual,6 of 10 stars,0.1392067937723324,0.1845618107951248
RAMT,no_visual,classic,0.2479295092666145,0.325711619225385
RAMT,no_visual,loved,0.1510493262725274,0.2134885977680737
RAMT,no_visual,70s,0.3857111772812738,0.4602272727272727
RAMT,no_visual,easy listening,0.3200124498408586,0.3965948923385077
RAMT,no_visual,ambient,0.4714365981981259,0.4446460980036297
RAMT,random_one_missing,rock,0.7642581583806245,0.7378299120234604
RAMT,random_one_missing,pop,0.8283643103244587,0.761096803514619
RAMT,random_one_missing,favorites,0.6087544758184247,0.6404922355698799
RAMT,random_one_missing,alternative,0.6317386149551019,0.6179236912156166
RAMT,random_one_missing,indie,0.532018381957603,0.5483405483405484
RAMT,random_one_missing,alternative rock,0.5693840797373776,0.5577758470894874
RAMT,random_one_missing,male vocalists,0.5273311739087491,0.5646594274432379
RAMT,random_one_missing,love,0.496814216752535,0.5200265545474663
RAMT,random_one_missing,awesome,0.3938564422253441,0.4303140410070075
RAMT,random_one_missing,beautiful,0.4352505727781134,0.4852902889872429
RAMT,random_one_missing,american,0.3823281369448776,0.4570774513544449
RAMT,random_one_missing,female vocalists,0.7416604334098528,0.7045271899276722
RAMT,random_one_missing,seen live,0.3983444182958252,0.4213197969543147
RAMT,random_one_missing,electronic,0.5366728061083198,0.523407022106632
RAMT,random_one_missing,00s,0.4142485666955783,0.4436111912316123
RAMT,random_one_missing,metal,0.6148174581236467,0.592057761732852
RAMT,random_one_missing,british,0.2934182817581382,0.3523732904263877
RAMT,random_one_missing,indie rock,0.4770530316195738,0.4993870044953004
RAMT,random_one_missing,singer songwriter,0.4187827427502578,0.4356573014221297
RAMT,random_one_missing,classic rock,0.4681561905752991,0.4849056603773585
RAMT,random_one_missing,mellow,0.4003183453773937,0.4523390784382694
RAMT,random_one_missing,dance,0.5610834191736389,0.5402877697841727
RAMT,random_one_missing,chill,0.3158423178664626,0.3628914252268071
RAMT,random_one_missing,hard rock,0.3725347827144237,0.397172236503856
RAMT,random_one_missing,chillout,0.32857952217235,0.3821305841924398
RAMT,random_one_missing,pop rock,0.4165936422654377,0.439323010442924
RAMT,random_one_missing,90s,0.343098783070891,0.3752479174930583
RAMT,random_one_missing,80s,0.5174081596373657,0.49812734082397
RAMT,random_one_missing,experimental,0.251133866143356,0.3317972350230415
RAMT,random_one_missing,cool,0.2469916619261956,0.3179033356024506
RAMT,random_one_missing,love at first listen,0.2947075433267803,0.3607183798242262
RAMT,random_one_missing,amazing,0.2208526512858555,0.2935153583617747
RAMT,random_one_missing,epic,0.1907474510935272,0.2597126130920703
RAMT,random_one_missing,sad,0.3119658156043559,0.3651685393258427
RAMT,random_one_missing,catchy,0.3307779525751138,0.3736730360934182
RAMT,random_one_missing,guitar,0.2297601254373301,0.2988987939171473
RAMT,random_one_missing,folk,0.3639554375605412,0.3863636363636363
RAMT,random_one_missing,sexy,0.3315303081126635,0.3607805806758686
RAMT,random_one_missing,soul,0.4174534270105688,0.4305772230889235
RAMT,random_one_missing,acoustic,0.3386606018486507,0.3814671814671814
RAMT,random_one_missing,melancholy,0.2734580151653584,0.3244005641748942
RAMT,random_one_missing,heavy metal,0.3269099824705529,0.421455938697318
RAMT,random_one_missing,indie pop,0.2136442249361745,0.2920454545454545
RAMT,random_one_missing,punk,0.4110122782308232,0.4417808219178082
RAMT,random_one_missing,6 of 10 stars,0.1487159858506742,0.1927840603123317
RAMT,random_one_missing,classic,0.2541559702991739,0.3324372759856631
RAMT,random_one_missing,loved,0.1548695116257691,0.2314774221832529
RAMT,random_one_missing,70s,0.3755879649576013,0.4288872512896094
RAMT,random_one_missing,easy listening,0.3169350311118465,0.387378640776699
RAMT,random_one_missing,ambient,0.3945205565279772,0.4143497757847533
RAMT,random_two_missing,rock,0.6983375442359216,0.6964443138407288
RAMT,random_two_missing,pop,0.7752903281085425,0.7302853636084689
RAMT,random_two_missing,favorites,0.5390045215796867,0.6174831328835435
RAMT,random_two_missing,alternative,0.5676548996680418,0.5867198838896952
RAMT,random_two_missing,indie,0.4488390094460946,0.5015888535810316
RAMT,random_two_missing,alternative rock,0.4728172292745241,0.5029838022165388
RAMT,random_two_missing,male vocalists,0.439727682872828,0.5102377029889386
RAMT,random_two_missing,love,0.4312545196926809,0.4936960849369608
RAMT,random_two_missing,awesome,0.3361715948613453,0.3951673798137428
RAMT,random_two_missing,beautiful,0.3781951632872524,0.4487829614604463
RAMT,random_two_missing,american,0.3507834395653897,0.4461162309573067
RAMT,random_two_missing,female vocalists,0.6460125952065485,0.5925725128761182
RAMT,random_two_missing,seen live,0.3258842676442376,0.3817577771066143
RAMT,random_two_missing,electronic,0.4487312948095286,0.4493276484093145
RAMT,random_two_missing,00s,0.3512625488976244,0.4113272311212814
RAMT,random_two_missing,metal,0.510522742174228,0.4903225806451612
RAMT,random_two_missing,british,0.2550393321540051,0.3051242236024845
RAMT,random_two_missing,indie rock,0.3702136533448164,0.4185483870967741
RAMT,random_two_missing,singer songwriter,0.3507042616014669,0.3921293042867182
RAMT,random_two_missing,classic rock,0.3583180156767017,0.4053811659192825
RAMT,random_two_missing,mellow,0.3289086917609166,0.3998606757227447
RAMT,random_two_missing,dance,0.4790838887680097,0.472212132219397
RAMT,random_two_missing,chill,0.2608980252139485,0.3310344827586207
RAMT,random_two_missing,hard rock,0.2978959447728052,0.3444857496902107
RAMT,random_two_missing,chillout,0.2808718584911938,0.3346883468834688
RAMT,random_two_missing,pop rock,0.3489279590584279,0.3835420393559928
RAMT,random_two_missing,90s,0.2963943569015164,0.3324121594946703
RAMT,random_two_missing,80s,0.3968043666483166,0.402334979793444
RAMT,random_two_missing,experimental,0.2192813269248877,0.2865497076023391
RAMT,random_two_missing,cool,0.2155738685321347,0.2857142857142857
RAMT,random_two_missing,love at first listen,0.2628842774317812,0.3177853621539628
RAMT,random_two_missing,amazing,0.1894762335461901,0.2506762849413886
RAMT,random_two_missing,epic,0.1719108698700945,0.2467217095677513
RAMT,random_two_missing,sad,0.2481210036682318,0.3183246073298429
RAMT,random_two_missing,catchy,0.2678106769517788,0.3354943273905997
RAMT,random_two_missing,guitar,0.1859721540802142,0.2624390243902439
RAMT,random_two_missing,folk,0.2689028173460318,0.3070814030443415
RAMT,random_two_missing,sexy,0.302637746332642,0.3429092567259462
RAMT,random_two_missing,soul,0.3372471627335059,0.3881373569198751
RAMT,random_two_missing,acoustic,0.2574518746217152,0.3029850746268657
RAMT,random_two_missing,melancholy,0.2100768089511993,0.273209549071618
RAMT,random_two_missing,heavy metal,0.2633543738607167,0.3851851851851852
RAMT,random_two_missing,indie pop,0.1758130821257955,0.2549800796812749
RAMT,random_two_missing,punk,0.31301730925688,0.3336127409891031
RAMT,random_two_missing,6 of 10 stars,0.1327635122926782,0.1836130306021717
RAMT,random_two_missing,classic,0.2024370372656829,0.2807017543859649
RAMT,random_two_missing,loved,0.1376472091567954,0.2164904862579281
RAMT,random_two_missing,70s,0.2887670118678762,0.3551797040169133
RAMT,random_two_missing,easy listening,0.2741729062467476,0.3317535545023696
RAMT,random_two_missing,ambient,0.299085257298367,0.3454987834549878
H192,observed,rock,0.7988658682351464,0.7492907271912796
H192,observed,pop,0.8543243503335303,0.7826478534974483
H192,observed,favorites,0.645865817583745,0.648396501457726
H192,observed,alternative,0.6853469232763396,0.6503685062016897
H192,observed,indie,0.59159183540348,0.5834305717619603
H192,observed,alternative rock,0.6405425037295372,0.6014831090359791
H192,observed,male vocalists,0.5742330075821724,0.5900667160859896
H192,observed,love,0.5295573893028163,0.5387089856315677
H192,observed,awesome,0.4302024246002097,0.4609164420485175
H192,observed,beautiful,0.462156366270761,0.5098923115452041
H192,observed,american,0.4180809779946656,0.473851030110935
H192,observed,female vocalists,0.7870528730640217,0.7523510971786834
H192,observed,seen live,0.4378100566278396,0.4447717231222385
H192,observed,electronic,0.6182285466515216,0.5844845908607864
H192,observed,00s,0.4749548150113221,0.5121951219512195
H192,observed,metal,0.6906615228794342,0.6421356421356421
H192,observed,british,0.3246388211598622,0.3752577319587629
H192,observed,indie rock,0.5604915851749861,0.5521829521829522
H192,observed,singer songwriter,0.4554794462333965,0.4634146341463415
H192,observed,classic rock,0.5502614093197409,0.5301204819277109
H192,observed,mellow,0.4499776868894276,0.4855072463768116
H192,observed,dance,0.6048625385539568,0.5715347454477889
H192,observed,chill,0.339076529611007,0.3929712460063898
H192,observed,hard rock,0.4657962155760682,0.4590995561192137
H192,observed,chillout,0.3592749345474777,0.4208053691275167
H192,observed,pop rock,0.467115981496123,0.4700824077391616
H192,observed,90s,0.3879191133202973,0.4177566389219183
H192,observed,80s,0.5900526693248576,0.5535092085614733
H192,observed,experimental,0.2825097491461447,0.3307810107197549
H192,observed,cool,0.2775668088802174,0.3300699300699301
H192,observed,love at first listen,0.3291244434228578,0.3800648298217179
H192,observed,amazing,0.246862463683729,0.290788013318535
H192,observed,epic,0.2143011801751429,0.2825396825396825
H192,observed,sad,0.3599622151123255,0.4041331802525832
H192,observed,catchy,0.3634703103583298,0.3998203054806828
H192,observed,guitar,0.2697751860751608,0.3216630196936542
H192,observed,folk,0.4368899266878988,0.4365994236311239
H192,observed,sexy,0.3741663962256426,0.3954068896655017
H192,observed,soul,0.4860306163342746,0.4751958224543081
H192,observed,acoustic,0.3906477724105674,0.4233261339092872
H192,observed,melancholy,0.2959925202463065,0.3450754852624011
H192,observed,heavy metal,0.4045434145330928,0.4418262150220913
H192,observed,indie pop,0.249733949577313,0.3380281690140845
H192,observed,punk,0.4618298252889293,0.5155131264916468
H192,observed,6 of 10 stars,0.1473732513708019,0.2007912957467853
H192,observed,classic,0.2886850815824027,0.3580695381421899
H192,observed,loved,0.1693059284636991,0.2564102564102564
H192,observed,70s,0.4123094651396122,0.4847583643122676
H192,observed,easy listening,0.3586968597926253,0.4111056989771067
H192,observed,ambient,0.4711192904824345,0.474
H192,no_audio,rock,0.7383221717177288,0.7204656700621775
H192,no_audio,pop,0.8128478774609216,0.7509904622157006
H192,no_audio,favorites,0.6088317400299152,0.631158821910267
H192,no_audio,alternative,0.6181928570813132,0.6191247974068071
H192,no_audio,indie,0.5160421961225322,0.5405868494324266
H192,no_audio,alternative rock,0.521243559456962,0.5200681099489175
H192,no_audio,male vocalists,0.5008737374712784,0.5213292481734622
H192,no_audio,love,0.5017649058358448,0.5169243627246135
H192,no_audio,awesome,0.377970117522038,0.428923988153998
H192,no_audio,beautiful,0.4032352007829006,0.4548981571290009
H192,no_audio,american,0.3841041283059612,0.4565633371603521
H192,no_audio,female vocalists,0.6730914450802071,0.6345578231292517
H192,no_audio,seen live,0.3606042476150548,0.3877338877338877
H192,no_audio,electronic,0.4233637626262054,0.4184397163120567
H192,no_audio,00s,0.4303962367667615,0.4599732262382864
H192,no_audio,metal,0.5662160616774955,0.5218106995884774
H192,no_audio,british,0.2854255372768132,0.3473684210526316
H192,no_audio,indie rock,0.4111462344804446,0.4550898203592814
H192,no_audio,singer songwriter,0.3905974354513606,0.4210160055671538
H192,no_audio,classic rock,0.438288770891352,0.4354838709677419
H192,no_audio,mellow,0.3376908723817042,0.3884945834889802
H192,no_audio,dance,0.4911484333954416,0.4656263180092788
H192,no_audio,chill,0.2832246761247217,0.347160178685386
H192,no_audio,hard rock,0.3118647085725343,0.3431708991077556
H192,no_audio,chillout,0.2807668888930973,0.3585155732273029
H192,no_audio,pop rock,0.3839014380315529,0.4085106382978723
H192,no_audio,90s,0.3192197955605751,0.3327855382087099
H192,no_audio,80s,0.4728924840810555,0.4286507495835647
H192,no_audio,experimental,0.2434132663292054,0.3064361191162343
H192,no_audio,cool,0.2548065714782124,0.3144312393887946
H192,no_audio,love at first listen,0.2962817764073388,0.3333333333333333
H192,no_audio,amazing,0.2300420715203296,0.277136258660508
H192,no_audio,epic,0.1828367917958067,0.2561334641805692
H192,no_audio,sad,0.2834915385869958,0.3197868087941372
H192,no_audio,catchy,0.3351333453103047,0.3773035887487876
H192,no_audio,guitar,0.234059111961066,0.2941822173435784
H192,no_audio,folk,0.2839459031180373,0.3125564588979223
H192,no_audio,sexy,0.3383990126574377,0.3494105037513397
H192,no_audio,soul,0.3782315469076956,0.3808925204274041
H192,no_audio,acoustic,0.2499059221950877,0.286231884057971
H192,no_audio,melancholy,0.2198497037906897,0.248113998323554
H192,no_audio,heavy metal,0.3045359548067846,0.39
H192,no_audio,indie pop,0.2054468253253481,0.2831215970961887
H192,no_audio,punk,0.2789836614327737,0.2407407407407407
H192,no_audio,6 of 10 stars,0.1393098940237022,0.2060826146164321
H192,no_audio,classic,0.262968526896663,0.3318681318681318
H192,no_audio,loved,0.1548968797043762,0.2355658198614318
H192,no_audio,70s,0.3188191412913692,0.3751010509296685
H192,no_audio,easy listening,0.3158666644728248,0.3563025210084034
H192,no_audio,ambient,0.3268160033741015,0.3505154639175257
H192,no_lyrics,rock,0.780244715846095,0.7357153189642702
H192,no_lyrics,pop,0.8398671936314805,0.766388557806913
H192,no_lyrics,favorites,0.6345229368330791,0.647589512263885
H192,no_lyrics,alternative,0.6503627922318402,0.6284939861087583
H192,no_lyrics,indie,0.5399359219454252,0.5458612975391499
H192,no_lyrics,alternative rock,0.6009178940685622,0.5678677865077215
H192,no_lyrics,male vocalists,0.5429211465132922,0.5777563793933558
H192,no_lyrics,love,0.4926986444619043,0.5200733645812106
H192,no_lyrics,awesome,0.4221922069093334,0.4489388264669163
H192,no_lyrics,beautiful,0.4483990198023321,0.5079962370649106
H192,no_lyrics,american,0.375390268049502,0.4458204334365325
H192,no_lyrics,female vocalists,0.7863704599752284,0.7536539994685092
H192,no_lyrics,seen live,0.4251087959988899,0.4316505955757232
H192,no_lyrics,electronic,0.5989500454720482,0.571326164874552
H192,no_lyrics,00s,0.4662758629367614,0.5042689434364994
H192,no_lyrics,metal,0.6345768704248296,0.6007168458781362
H192,no_lyrics,british,0.3146566699516405,0.3613684960798289
H192,no_lyrics,indie rock,0.5020836146520652,0.4987012987012987
H192,no_lyrics,singer songwriter,0.4230577022137186,0.4593023255813953
H192,no_lyrics,classic rock,0.5028339142851637,0.4870466321243523
H192,no_lyrics,mellow,0.4305603918314106,0.4845395854570166
H192,no_lyrics,dance,0.598064103314051,0.5697106350995866
H192,no_lyrics,chill,0.3300529069288451,0.3882631890930646
H192,no_lyrics,hard rock,0.4215512209974703,0.4352078239608802
H192,no_lyrics,chillout,0.3591347300141176,0.4201474201474201
H192,no_lyrics,pop rock,0.4474944769342353,0.4500734214390602
H192,no_lyrics,90s,0.3846115377893958,0.4168947985921001
H192,no_lyrics,80s,0.5724969154047294,0.5483028720626631
H192,no_lyrics,experimental,0.2623783839647325,0.3272537780093799
H192,no_lyrics,cool,0.2711767601392039,0.3326544467073998
H192,no_lyrics,love at first listen,0.3184434783932286,0.3614049936521371
H192,no_lyrics,amazing,0.2334227034024297,0.2906846240179573
H192,no_lyrics,epic,0.2194242326018701,0.2894356005788712
H192,no_lyrics,sad,0.3243492504315786,0.3836104513064133
H192,no_lyrics,catchy,0.334681707839304,0.3709456372772955
H192,no_lyrics,guitar,0.2448319593712652,0.3224489795918367
H192,no_lyrics,folk,0.3722381110609878,0.4222222222222222
H192,no_lyrics,sexy,0.3439029227042066,0.3725690890481064
H192,no_lyrics,soul,0.4385476485598301,0.4652812975164724
H192,no_lyrics,acoustic,0.359885897184738,0.4208211143695015
H192,no_lyrics,melancholy,0.2837708068812958,0.344039971448965
H192,no_lyrics,heavy metal,0.3346768827091038,0.3901689708141321
H192,no_lyrics,indie pop,0.2253597162739387,0.3007915567282322
H192,no_lyrics,punk,0.4494822060025446,0.4701754385964912
H192,no_lyrics,6 of 10 stars,0.1442508854871243,0.2074613284804367
H192,no_lyrics,classic,0.2801894742776554,0.3491152558584409
H192,no_lyrics,loved,0.1677823998073776,0.2614475627769572
H192,no_lyrics,70s,0.3925744783448734,0.4585714285714286
H192,no_lyrics,easy listening,0.3376638211451324,0.3923756392375639
H192,no_lyrics,ambient,0.3821641320831047,0.4052863436123348
H192,no_visual,rock,0.7705933371999877,0.7448714244438024
H192,no_visual,pop,0.8275578819629039,0.7740342724368283
H192,no_visual,favorites,0.5870817245283124,0.631352514116698
H192,no_visual,alternative,0.656245274647376,0.6374570446735395
H192,no_visual,indie,0.5598050585825598,0.5674503538005021
H192,no_visual,alternative rock,0.6107758491459283,0.5973277443018077
H192,no_visual,male vocalists,0.5294016645095438,0.5781584582441114
H192,no_visual,love,0.4850635337364507,0.5207221994255232
H192,no_visual,awesome,0.3872938795622384,0.4287128712871287
H192,no_visual,beautiful,0.4271579585087591,0.4965018094089264
H192,no_visual,american,0.4062894686980796,0.4689178818112049
H192,no_visual,female vocalists,0.7606691257781192,0.7232623749679405
H192,no_visual,seen live,0.3880928813634615,0.4218496484586262
H192,no_visual,electronic,0.61287443029479,0.5872011251758087
H192,no_visual,00s,0.3918140796500284,0.4603894371832489
H192,no_visual,metal,0.6570948814558296,0.6221570066030815
H192,no_visual,british,0.3026951814521456,0.3765801729873586
H192,no_visual,indie rock,0.541200051551513,0.5465942331801087
H192,no_visual,singer songwriter,0.4240877308501362,0.4420908780321148
H192,no_visual,classic rock,0.5020243317268065,0.5137055837563452
H192,no_visual,mellow,0.4178053542046446,0.4761573268360599
H192,no_visual,dance,0.5776710897603236,0.5441967717140661
H192,no_visual,chill,0.3044503470416014,0.382089552238806
H192,no_visual,hard rock,0.4235979889712656,0.4543849323131254
H192,no_visual,chillout,0.3150109548651482,0.3965952080706179
H192,no_visual,pop rock,0.4310670050383112,0.4550669216061185
H192,no_visual,90s,0.3382129796668209,0.4023346303501945
H192,no_visual,80s,0.5147026268862236,0.5040485829959515
H192,no_visual,experimental,0.2553189409047075,0.3326592517694641
H192,no_visual,cool,0.2285190659443402,0.3018741633199464
H192,no_visual,love at first listen,0.281258380953817,0.3620996441281139
H192,no_visual,amazing,0.2167219115601639,0.2225130890052356
H192,no_visual,epic,0.1842952703058119,0.2564102564102564
H192,no_visual,sad,0.3337083537156783,0.3814374646293152
H192,no_visual,catchy,0.3120420544758183,0.365141187925998
H192,no_visual,guitar,0.2307046021916832,0.296218487394958
H192,no_visual,folk,0.4462966041751876,0.4280387770320656
H192,no_visual,sexy,0.3420772004443,0.3577586206896552
H192,no_visual,soul,0.465375644059745,0.4692677712453234
H192,no_visual,acoustic,0.3754652190004655,0.3918918918918919
H192,no_visual,melancholy,0.2754118563272282,0.3272727272727272
H192,no_visual,heavy metal,0.3752066149899227,0.3971631205673759
H192,no_visual,indie pop,0.2354457395694861,0.3183520599250936
H192,no_visual,punk,0.4574840096987076,0.4983552631578947
H192,no_visual,6 of 10 stars,0.1404117872400711,0.1929480901077375
H192,no_visual,classic,0.2459061833443958,0.3246019517205958
H192,no_visual,loved,0.1495408849586898,0.2214424951267056
H192,no_visual,70s,0.3929919938523673,0.457347670250896
H192,no_visual,easy listening,0.3235374330218991,0.3879093198992443
H192,no_visual,ambient,0.4739225509527827,0.4636174636174636
H192,random_one_missing,rock,0.7668122708703936,0.7340813464235624
H192,random_one_missing,pop,0.8283553012056417,0.7646366578405414
H192,random_one_missing,favorites,0.6065148224385775,0.6392857142857142
H192,random_one_missing,alternative,0.637580457606741,0.6265588136164476
H192,random_one_missing,indie,0.540955143038697,0.5516932047544293
H192,random_one_missing,alternative rock,0.5725721832813421,0.563343717549325
H192,random_one_missing,male vocalists,0.5309957831180081,0.5588165115724171
H192,random_one_missing,love,0.4930384035189167,0.5187319884726225
H192,random_one_missing,awesome,0.3890282400568265,0.4333996023856858
H192,random_one_missing,beautiful,0.430312869199915,0.4834690943938668
H192,random_one_missing,american,0.3808109609776007,0.4530926865952246
H192,random_one_missing,female vocalists,0.7486046483493197,0.7027313709891275
H192,random_one_missing,seen live,0.390832385492276,0.410816716744059
H192,random_one_missing,electronic,0.5438582345056292,0.5211319367879456
H192,random_one_missing,00s,0.4223406515714809,0.4707774798927614
H192,random_one_missing,metal,0.619503899760613,0.59375
H192,random_one_missing,british,0.3056813018422006,0.3602865916069601
H192,random_one_missing,indie rock,0.4842501898249394,0.4915824915824915
H192,random_one_missing,singer songwriter,0.4204341054423949,0.4409874873182279
H192,random_one_missing,classic rock,0.4911601027711275,0.487192890747517
H192,random_one_missing,mellow,0.3986664408218376,0.4480796586059744
H192,random_one_missing,dance,0.559310225970001,0.5336463223787168
H192,random_one_missing,chill,0.3052586598740004,0.3650121065375302
H192,random_one_missing,hard rock,0.3745636905900125,0.406269592476489
H192,random_one_missing,chillout,0.3259495945045372,0.3856783919597989
H192,random_one_missing,pop rock,0.4222025550473609,0.438771735109138
H192,random_one_missing,90s,0.3533427588344382,0.384
H192,random_one_missing,80s,0.5406228765923199,0.5018607123870282
H192,random_one_missing,experimental,0.2555077136606156,0.3409436834094368
H192,random_one_missing,cool,0.2540442710070657,0.3246575342465753
H192,random_one_missing,love at first listen,0.2921955378593807,0.3502426113806793
H192,random_one_missing,amazing,0.2207125588420338,0.2695547533092659
H192,random_one_missing,epic,0.1972471984006452,0.2646766169154229
H192,random_one_missing,sad,0.3132744773318139,0.3611111111111111
H192,random_one_missing,catchy,0.3337561395880172,0.375717017208413
H192,random_one_missing,guitar,0.2372697018340915,0.2981432360742705
H192,random_one_missing,folk,0.3698249193034427,0.392063492063492
H192,random_one_missing,sexy,0.3300430648951595,0.3523809523809524
H192,random_one_missing,soul,0.4216929601130318,0.4273881833241303
H192,random_one_missing,acoustic,0.3431427449260196,0.3610675039246467
H192,random_one_missing,melancholy,0.2681508441621814,0.3127326880119136
H192,random_one_missing,heavy metal,0.3096169062849327,0.3755725190839695
H192,random_one_missing,indie pop,0.2146994587280556,0.2937780628608082
H192,random_one_missing,punk,0.3976755473302553,0.4270734032411821
H192,random_one_missing,6 of 10 stars,0.1441929195641833,0.2018779342723004
H192,random_one_missing,classic,0.2553258974340183,0.3321410321921308
H192,random_one_missing,loved,0.1572934262210492,0.2388289676425269
H192,random_one_missing,70s,0.3771303341336991,0.4356287425149701
H192,random_one_missing,easy listening,0.3193012177943806,0.3873873873873873
H192,random_one_missing,ambient,0.3929735248880402,0.4030668127053669
H192,random_two_missing,rock,0.696199674771454,0.7044989775051125
H192,random_two_missing,pop,0.7729681540908395,0.7394234906066256
H192,random_two_missing,favorites,0.5384103508474176,0.6189067524115756
H192,random_two_missing,alternative,0.5713911047271608,0.6007627765064836
H192,random_two_missing,indie,0.45300587367431,0.5078304447692629
H192,random_two_missing,alternative rock,0.4745714057469029,0.505719733079123
H192,random_two_missing,male vocalists,0.4468160347999678,0.5079006772009029
H192,random_two_missing,love,0.4325078611090672,0.5000996214385336
H192,random_two_missing,awesome,0.3347144270816393,0.4104190260475651
H192,random_two_missing,beautiful,0.3779118009480156,0.4528642309427154
H192,random_two_missing,american,0.3510871871725237,0.4378595084538957
H192,random_two_missing,female vocalists,0.6452726069664321,0.5896523405420202
H192,random_two_missing,seen live,0.3192088735455585,0.3865954346770276
H192,random_two_missing,electronic,0.4525330935659738,0.4209235798937474
H192,random_two_missing,00s,0.3548216739072848,0.4278323848939472
H192,random_two_missing,metal,0.5046891917344962,0.4658901830282861
H192,random_two_missing,british,0.2548297394118838,0.3093006488824801
H192,random_two_missing,indie rock,0.3774125654481097,0.3983666061705989
H192,random_two_missing,singer songwriter,0.3480463242812163,0.3809182209469153
H192,random_two_missing,classic rock,0.3622592506970675,0.3991299619358346
H192,random_two_missing,mellow,0.3304688595149371,0.392455567645992
H192,random_two_missing,dance,0.4728050653761082,0.4249317561419472
H192,random_two_missing,chill,0.257794573267441,0.3382266588373459
H192,random_two_missing,hard rock,0.2942906438888237,0.3352675693101225
H192,random_two_missing,chillout,0.2777780296750618,0.3475664377426097
H192,random_two_missing,pop rock,0.354190612376802,0.3613123135918193
H192,random_two_missing,90s,0.2958003976366241,0.311439756415833
H192,random_two_missing,80s,0.40059856209632,0.3638693145419603
H192,random_two_missing,experimental,0.2218264976715186,0.2937965260545905
H192,random_two_missing,cool,0.2157784435898836,0.2892768079800499
H192,random_two_missing,love at first listen,0.2575651891751976,0.2638731596828992
H192,random_two_missing,amazing,0.1865022040037701,0.1639871382636656
H192,random_two_missing,epic,0.1737033666855825,0.2479338842975206
H192,random_two_missing,sad,0.2506160558785104,0.2725306416726748
H192,random_two_missing,catchy,0.2622858673184284,0.2862254025044722
H192,random_two_missing,guitar,0.1833290356917133,0.2481833426495248
H192,random_two_missing,folk,0.2688010486076058,0.2783505154639175
H192,random_two_missing,sexy,0.2929053346868587,0.2828685258964143
H192,random_two_missing,soul,0.3309983898835642,0.3442732752846617
H192,random_two_missing,acoustic,0.256237600734565,0.2644135188866799
H192,random_two_missing,melancholy,0.2088621372251461,0.224820143884892
H192,random_two_missing,heavy metal,0.2511622731759248,0.3254237288135593
H192,random_two_missing,indie pop,0.1803346378880802,0.2265100671140939
H192,random_two_missing,punk,0.3188701951011268,0.232258064516129
H192,random_two_missing,6 of 10 stars,0.1365776153030804,0.1906172839506172
H192,random_two_missing,classic,0.2006893961053297,0.286620835536753
H192,random_two_missing,loved,0.1397750907348143,0.2212927756653992
H192,random_two_missing,70s,0.293750536231493,0.3596214511041009
H192,random_two_missing,easy listening,0.2740156190600852,0.3109048723897912
H192,random_two_missing,ambient,0.2973197621988112,0.3034134007585335
H384,observed,rock,0.7979375112301523,0.7488095238095238
H384,observed,pop,0.8559230770868544,0.7822274188833674
H384,observed,favorites,0.650807202957334,0.6495751116232177
H384,observed,alternative,0.6786830207146988,0.646247537166398
H384,observed,indie,0.5787867842760663,0.5754918227068025
H384,observed,alternative rock,0.6357900442558296,0.6080627099664053
H384,observed,male vocalists,0.5789651923440967,0.5949334029772787
H384,observed,love,0.5380761213957334,0.5501379944802208
H384,observed,awesome,0.4297584618088177,0.4627673280082452
H384,observed,beautiful,0.463296674534064,0.5115230460921844
H384,observed,american,0.4263743970699082,0.4816326530612245
H384,observed,female vocalists,0.7918710285319809,0.7537662337662338
H384,observed,seen live,0.4350446071527974,0.4594759293113954
H384,observed,electronic,0.6285656840684866,0.5895576504713561
H384,observed,00s,0.486677322177266,0.5133915136924466
H384,observed,metal,0.6764041737536123,0.6272455089820359
H384,observed,british,0.3287616461326396,0.3746223564954682
H384,observed,indie rock,0.5513213393899401,0.5396697543294402
H384,observed,singer songwriter,0.4729863961528124,0.4717674574006014
H384,observed,classic rock,0.5521596480924321,0.5299472927647341
H384,observed,mellow,0.4565012188958502,0.482544608223429
H384,observed,dance,0.611585028386311,0.5756676557863502
H384,observed,chill,0.3480874150153651,0.4023891857906319
H384,observed,hard rock,0.4676144030700565,0.467680608365019
H384,observed,chillout,0.3627372130816931,0.4117861040378319
H384,observed,pop rock,0.4629409595758428,0.4713375796178344
H384,observed,90s,0.3890922222614681,0.4078834618680377
H384,observed,80s,0.5947279875480749,0.5446575342465754
H384,observed,experimental,0.2787870800530735,0.3264
H384,observed,cool,0.2744660071757818,0.322152108933909
H384,observed,love at first listen,0.3290807055455513,0.3872012960712839
H384,observed,amazing,0.2481151935306472,0.3088803088803089
H384,observed,epic,0.2159287903256705,0.2923976608187134
H384,observed,sad,0.3836976788563667,0.4120218579234972
H384,observed,catchy,0.3651441345172842,0.411529933481153
H384,observed,guitar,0.2820569669204653,0.3373737373737374
H384,observed,folk,0.4459799568269234,0.4352112676056338
H384,observed,sexy,0.3830431500543159,0.4073898626243487
H384,observed,soul,0.4844288858632061,0.4674556213017751
H384,observed,acoustic,0.401542228427601,0.4247104247104247
H384,observed,melancholy,0.3109154955909282,0.3540740740740741
H384,observed,heavy metal,0.3667735572845887,0.4425036390101892
H384,observed,indie pop,0.2473385727728018,0.3294765840220385
H384,observed,punk,0.4681931773456437,0.5111821086261981
H384,observed,6 of 10 stars,0.1435092604734655,0.2001943634596696
H384,observed,classic,0.2884080514637154,0.3629590207557211
H384,observed,loved,0.1678624233215714,0.241623407267579
H384,observed,70s,0.4153393333272887,0.4848046309696092
H384,observed,easy listening,0.3684595469334177,0.4079348931841302
H384,observed,ambient,0.4858842440557953,0.4630996309963099
H384,no_audio,rock,0.7304188909883562,0.7220151651458682
H384,no_audio,pop,0.8088782093265184,0.7508455467869222
H384,no_audio,favorites,0.6153197859035148,0.6314384841206299
H384,no_audio,alternative,0.6095883336657848,0.6210074686159225
H384,no_audio,indie,0.5064509379679166,0.5348248205994091
H384,no_audio,alternative rock,0.5155367398308837,0.5187192118226601
H384,no_audio,male vocalists,0.5049965352547352,0.51875
H384,no_audio,love,0.5108163085903219,0.5254274927825894
H384,no_audio,awesome,0.3799758461249452,0.427315753887762
H384,no_audio,beautiful,0.4022746862542702,0.4665286404416839
H384,no_audio,american,0.3951004342404835,0.4632368256613206
H384,no_audio,female vocalists,0.6734443687173582,0.6317727511835876
H384,no_audio,seen live,0.3573993420855258,0.3998893805309734
H384,no_audio,electronic,0.4241649087016488,0.4160063391442155
H384,no_audio,00s,0.4340015583952374,0.4579831932773109
H384,no_audio,metal,0.5397161065285231,0.4564007421150278
H384,no_audio,british,0.2892173233430177,0.3505226480836237
H384,no_audio,indie rock,0.4007275246826655,0.4606613454960091
H384,no_audio,singer songwriter,0.3966822685352958,0.417717206132879
H384,no_audio,classic rock,0.4258294204816129,0.4329125759700795
H384,no_audio,mellow,0.335321855390486,0.3739248528746039
H384,no_audio,dance,0.4876127761386474,0.449015317286652
H384,no_audio,chill,0.2768718750349465,0.3482681919288211
H384,no_audio,hard rock,0.3024128134959279,0.3198826118855465
H384,no_audio,chillout,0.2787678337787123,0.3424708974840406
H384,no_audio,pop rock,0.3719387645122701,0.4049885132917624
H384,no_audio,90s,0.3202834429488621,0.329606222654351
H384,no_audio,80s,0.4659834919955954,0.3899537343027098
H384,no_audio,experimental,0.2330231158082459,0.3059628543499511
H384,no_audio,cool,0.252534063796398,0.3096337334564481
H384,no_audio,love at first listen,0.2908237593923006,0.3337783711615487
H384,no_audio,amazing,0.2265556712273544,0.2861635220125786
H384,no_audio,epic,0.1786269298259876,0.2470461868958109
H384,no_audio,sad,0.3026898914989329,0.3421052631578947
H384,no_audio,catchy,0.3386459032324974,0.3755772190867111
H384,no_audio,guitar,0.2420638742208235,0.3018867924528302
H384,no_audio,folk,0.2771141289174891,0.2998027613412228
H384,no_audio,sexy,0.3506708019426088,0.3684992570579495
H384,no_audio,soul,0.3728856040498712,0.39533527696793
H384,no_audio,acoustic,0.2519667138502777,0.2014742014742014
H384,no_audio,melancholy,0.2290272577659468,0.211671612265084
H384,no_audio,heavy metal,0.2574487246016362,0.3114446529080675
H384,no_audio,indie pop,0.2048891939856455,0.2820375335120643
H384,no_audio,punk,0.2769134489103333,0.1912350597609561
H384,no_audio,6 of 10 stars,0.1358874849498485,0.1980548187444739
H384,no_audio,classic,0.2622403513785067,0.3215909090909091
H384,no_audio,loved,0.1532049469812774,0.2281879194630872
H384,no_audio,70s,0.3157774679422814,0.3726800296956199
H384,no_audio,easy listening,0.3146123236780533,0.3426294820717131
H384,no_audio,ambient,0.3548301003029519,0.3756558237145855
H384,no_lyrics,rock,0.7794757045092258,0.7378889046739594
H384,no_lyrics,pop,0.8414828525165345,0.7700333285031155
H384,no_lyrics,favorites,0.6346583385089349,0.6450180405217874
H384,no_lyrics,alternative,0.6392900981304848,0.6236951118475559
H384,no_lyrics,indie,0.526263247273779,0.5355191256830601
H384,no_lyrics,alternative rock,0.5944516487393103,0.5690353958389625
H384,no_lyrics,male vocalists,0.5458251771784041,0.5664893617021277
H384,no_lyrics,love,0.4962604803848095,0.5218370103556956
H384,no_lyrics,awesome,0.4185217599885428,0.4553314121037464
H384,no_lyrics,beautiful,0.454597078065894,0.5084667130596149
H384,no_lyrics,american,0.3785364750337689,0.4457756661846725
H384,no_lyrics,female vocalists,0.7889735583846282,0.7534786033079548
H384,no_lyrics,seen live,0.4208415137951727,0.4423825202035318
H384,no_lyrics,electronic,0.6036857039024478,0.5743073047858942
H384,no_lyrics,00s,0.4755238356863134,0.5025365562518651
H384,no_lyrics,metal,0.6242512275547559,0.5712086220169361
H384,no_lyrics,british,0.3140844411059997,0.3513820522529345
H384,no_lyrics,indie rock,0.4938526901188138,0.4879227053140096
H384,no_lyrics,singer songwriter,0.4385309658619137,0.4575204531151667
H384,no_lyrics,classic rock,0.4980709851497807,0.4954379562043796
H384,no_lyrics,mellow,0.4359305535594155,0.4788120246287577
H384,no_lyrics,dance,0.6042869893607732,0.5719711355867831
H384,no_lyrics,chill,0.3392014412433607,0.395924308588064
H384,no_lyrics,hard rock,0.4192082768585436,0.4438933663980161
H384,no_lyrics,chillout,0.3595412078962593,0.416142904399603
H384,no_lyrics,pop rock,0.4444706433879668,0.4542440318302387
H384,no_lyrics,90s,0.3844335447103104,0.4158838599487617
H384,no_lyrics,80s,0.5722011652668687,0.5365309537088678
H384,no_lyrics,experimental,0.255834116765864,0.3221982758620689
H384,no_lyrics,cool,0.2647629349033821,0.337719298245614
H384,no_lyrics,love at first listen,0.3142029441271963,0.3612068965517241
H384,no_lyrics,amazing,0.2331012612976801,0.2907092907092907
H384,no_lyrics,epic,0.2169437742991547,0.2849002849002849
H384,no_lyrics,sad,0.335228386803302,0.3916391639163916
H384,no_lyrics,catchy,0.3331756811342778,0.3690205011389522
H384,no_lyrics,guitar,0.2502336853115157,0.3166276346604215
H384,no_lyrics,folk,0.3914314612633814,0.4202600958247775
H384,no_lyrics,sexy,0.3459190438111816,0.374251497005988
H384,no_lyrics,soul,0.4316598796271799,0.455560951918407
H384,no_lyrics,acoustic,0.3666551719485906,0.4168618266978923
H384,no_lyrics,melancholy,0.3012274974266091,0.3381790359602142
H384,no_lyrics,heavy metal,0.3140812356206782,0.3704866562009419
H384,no_lyrics,indie pop,0.2167385098059991,0.2948430493273543
H384,no_lyrics,punk,0.4440474378802275,0.4756852343059239
H384,no_lyrics,6 of 10 stars,0.1418687411907046,0.2101348210134821
H384,no_lyrics,classic,0.2762858278348111,0.3460964694181999
H384,no_lyrics,loved,0.1670338875045351,0.2577665827036104
H384,no_lyrics,70s,0.3937329670262953,0.4420041180507893
H384,no_lyrics,easy listening,0.3442339166446741,0.3882182520521487
H384,no_lyrics,ambient,0.3956903461496255,0.4156079854809437
H384,no_visual,rock,0.7694727020952162,0.7446592065106816
H384,no_visual,pop,0.8266473426178473,0.7723392145702903
H384,no_visual,favorites,0.5944778925762934,0.6332885906040269
H384,no_visual,alternative,0.6501724471891476,0.6367649655659544
H384,no_visual,indie,0.5446154008253368,0.5651860744297719
H384,no_visual,alternative rock,0.6029792087138701,0.594563986409966
H384,no_visual,male vocalists,0.531982212419045,0.5744070888715141
H384,no_visual,love,0.4910536576498445,0.5183137525915688
H384,no_visual,awesome,0.3873140469707503,0.4296875
H384,no_visual,beautiful,0.4271315618185786,0.4941916747337851
H384,no_visual,american,0.4117079623143234,0.4786625604927408
H384,no_visual,female vocalists,0.7614133988735878,0.7261785356068204
H384,no_visual,seen live,0.3823253577232517,0.433411214953271
H384,no_visual,electronic,0.6145550677174975,0.5809974517655624
H384,no_visual,00s,0.3985110528984608,0.4354998350379412
H384,no_visual,metal,0.646046367676139,0.6019711902956786
H384,no_visual,british,0.3026971383428093,0.3736588975212727
H384,no_visual,indie rock,0.5277950682018718,0.5269048643994835
H384,no_visual,singer songwriter,0.4331772027219249,0.4414965986394558
H384,no_visual,classic rock,0.505063575303102,0.5069537909376401
H384,no_visual,mellow,0.4191807127548637,0.4687264506405426
H384,no_visual,dance,0.5814126500300687,0.5428571428571428
H384,no_visual,chill,0.3157566385238383,0.3853541416566626
H384,no_visual,hard rock,0.4283369282621768,0.461729931549471
H384,no_visual,chillout,0.3187887909540722,0.3966005665722379
H384,no_visual,pop rock,0.4177446535721462,0.4528437724982001
H384,no_visual,90s,0.3382619950534177,0.372317126587823
H384,no_visual,80s,0.5110829588661335,0.4899728997289972
H384,no_visual,experimental,0.2535194508100939,0.3302752293577982
H384,no_visual,cool,0.2366284718157841,0.3145846958796599
H384,no_visual,love at first listen,0.2888770947367725,0.3738574040219378
H384,no_visual,amazing,0.2189069709907774,0.2632768361581921
H384,no_visual,epic,0.1848103820669484,0.2529893014474512
H384,no_visual,sad,0.342050191799957,0.3980208905992303
H384,no_visual,catchy,0.313194860830275,0.3624691358024691
H384,no_visual,guitar,0.2406323425854762,0.3083043262058677
H384,no_visual,folk,0.4473185236704485,0.4397370343316289
H384,no_visual,sexy,0.3505916846470817,0.3882466281310212
H384,no_visual,soul,0.462115858593491,0.4587246663371231
H384,no_visual,acoustic,0.3785277240698415,0.4003322259136213
H384,no_visual,melancholy,0.2777328297389198,0.3209125475285171
H384,no_visual,heavy metal,0.3467477276551018,0.3878954607977992
H384,no_visual,indie pop,0.2306948693717878,0.3088235294117647
H384,no_visual,punk,0.4597827697958629,0.4934383202099737
H384,no_visual,6 of 10 stars,0.1373818392503758,0.1866028708133971
H384,no_visual,classic,0.2458314364915047,0.3246819338422392
H384,no_visual,loved,0.1464098937605315,0.2122249388753056
H384,no_visual,70s,0.3922669916845771,0.4388961892247043
H384,no_visual,easy listening,0.327518797152156,0.3815856777493606
H384,no_visual,ambient,0.4697711178315622,0.4536082474226804
H384,random_one_missing,rock,0.7640355592592063,0.734575569358178
H384,random_one_missing,pop,0.8268196645998435,0.7662857142857142
H384,random_one_missing,favorites,0.6079166322998772,0.6396103896103896
H384,random_one_missing,alternative,0.6261990916187518,0.6188968505249125
H384,random_one_missing,indie,0.5283348375694796,0.543863585371326
H384,random_one_missing,alternative rock,0.5640670614073179,0.5596133190118152
H384,random_one_missing,male vocalists,0.5325236567633933,0.5516154452324665
H384,random_one_missing,love,0.4986619691852102,0.5198915009041591
H384,random_one_missing,awesome,0.38814945845611,0.4325471698113207
H384,random_one_missing,beautiful,0.4319694012011028,0.483356774496015
H384,random_one_missing,american,0.3895829468753586,0.4569272689163697
H384,random_one_missing,female vocalists,0.7540863358023786,0.7078507078507078
H384,random_one_missing,seen live,0.3838636072950558,0.4192139737991266
H384,random_one_missing,electronic,0.549291644302807,0.5211214953271028
H384,random_one_missing,00s,0.4278787356958018,0.460772104607721
H384,random_one_missing,metal,0.6020438704220896,0.5588470776621297
H384,random_one_missing,british,0.3015831069413314,0.3588039867109635
H384,random_one_missing,indie rock,0.4766857653972255,0.495315682281059
H384,random_one_missing,singer songwriter,0.4307058102295101,0.440745672436751
H384,random_one_missing,classic rock,0.4937782383546881,0.4840182648401826
H384,random_one_missing,mellow,0.402951445459784,0.4468922108575924
H384,random_one_missing,dance,0.562916847871217,0.5323798172427493
H384,random_one_missing,chill,0.3114556461486153,0.3771084337349397
H384,random_one_missing,hard rock,0.3730810160342886,0.3997387328543436
H384,random_one_missing,chillout,0.3282289264622369,0.3829787234042553
H384,random_one_missing,pop rock,0.4139911282871235,0.437222032158741
H384,random_one_missing,90s,0.355455271259037,0.3697777777777777
H384,random_one_missing,80s,0.5382402478038372,0.4789719626168224
H384,random_one_missing,experimental,0.2531636962732891,0.337007874015748
H384,random_one_missing,cool,0.2511302701304737,0.3239302694136292
H384,random_one_missing,love at first listen,0.2906368776349409,0.3567906768265352
H384,random_one_missing,amazing,0.2201941182660859,0.2917547568710359
H384,random_one_missing,epic,0.1914484561870393,0.2535857716580608
H384,random_one_missing,sad,0.3272191305505229,0.3811129848229342
H384,random_one_missing,catchy,0.337606556561583,0.3726161369193154
H384,random_one_missing,guitar,0.2435188376524756,0.2943765281173594
H384,random_one_missing,folk,0.368504052368741,0.3922480620155039
H384,random_one_missing,sexy,0.3428359911721301,0.3757281553398058
H384,random_one_missing,soul,0.418921606974222,0.4369834710743802
H384,random_one_missing,acoustic,0.3451996030478427,0.3570159857904085
H384,random_one_missing,melancholy,0.2799737463437421,0.2981162981162981
H384,random_one_missing,heavy metal,0.285574092972512,0.35
H384,random_one_missing,indie pop,0.210421836783444,0.2987979393245564
H384,random_one_missing,punk,0.3969469238059974,0.4104627766599598
H384,random_one_missing,6 of 10 stars,0.1407639901706902,0.1992687385740402
H384,random_one_missing,classic,0.2546808555012412,0.3373243102550755
H384,random_one_missing,loved,0.1546013025022522,0.2385070550751024
H384,random_one_missing,70s,0.3739162623104526,0.4193548387096774
H384,random_one_missing,easy listening,0.3210648216112435,0.3796246648793566
H384,random_one_missing,ambient,0.406720363382526,0.4178814382896015
H384,random_two_missing,rock,0.6903978616013091,0.7059859154929577
H384,random_two_missing,pop,0.7673703755733338,0.7414714344430744
H384,random_two_missing,favorites,0.5386936287346126,0.6197004315816197
H384,random_two_missing,alternative,0.556172409764179,0.5898234683281413
H384,random_two_missing,indie,0.4377999318319555,0.4931020890815924
H384,random_two_missing,alternative rock,0.4592583913702423,0.4956772334293948
H384,random_two_missing,male vocalists,0.4405421552342278,0.4909415667262056
H384,random_two_missing,love,0.4335160970692843,0.4888795635753252
H384,random_two_missing,awesome,0.3345719412564094,0.4047987616099071
H384,random_two_missing,beautiful,0.386073968997403,0.4502008032128514
H384,random_two_missing,american,0.3597590133851485,0.441340782122905
H384,random_two_missing,female vocalists,0.6428676673113389,0.5939334637964775
H384,random_two_missing,seen live,0.3171125954767025,0.3817765334690761
H384,random_two_missing,electronic,0.4462668752866074,0.4280674245393963
H384,random_two_missing,00s,0.3511495757590476,0.3965464076472402
H384,random_two_missing,metal,0.4818044980137644,0.4095063985374771
H384,random_two_missing,british,0.2550240679897187,0.3206056616194865
H384,random_two_missing,indie rock,0.3654982102394867,0.4025206774320599
H384,random_two_missing,singer songwriter,0.3502550163495295,0.3965295629820051
H384,random_two_missing,classic rock,0.355294267550592,0.3898651409889661
H384,random_two_missing,mellow,0.3315447301558108,0.3837579617834395
H384,random_two_missing,dance,0.4672311331914927,0.4200995925758262
H384,random_two_missing,chill,0.261974842208099,0.3443129181677817
H384,random_two_missing,hard rock,0.2901256126122431,0.3344305464121132
H384,random_two_missing,chillout,0.2794828352651857,0.3445093817286989
H384,random_two_missing,pop rock,0.3412588572511931,0.3886855241264559
H384,random_two_missing,90s,0.2826050847615526,0.3050047214353163
H384,random_two_missing,80s,0.3889455598973647,0.3308270676691729
H384,random_two_missing,experimental,0.2205621319612932,0.2937751903269144
H384,random_two_missing,cool,0.2124936078112608,0.2872476360848454
H384,random_two_missing,love at first listen,0.2561424994618028,0.280222559433485
H384,random_two_missing,amazing,0.1859943563306257,0.2242152466367713
H384,random_two_missing,epic,0.1610913776935524,0.2385411532774766
H384,random_two_missing,sad,0.2528729040628319,0.3029571514785757
H384,random_two_missing,catchy,0.2531160163421693,0.2924168030551009
H384,random_two_missing,guitar,0.182087346451718,0.2542510121457489
H384,random_two_missing,folk,0.2676239116451848,0.286778398510242
H384,random_two_missing,sexy,0.2985632210018578,0.3316115702479338
H384,random_two_missing,soul,0.3262644503474725,0.3660762211486849
H384,random_two_missing,acoustic,0.2561278374490581,0.2196531791907514
H384,random_two_missing,melancholy,0.2085162450679684,0.1953125
H384,random_two_missing,heavy metal,0.2316738527685196,0.2907801418439716
H384,random_two_missing,indie pop,0.1712686622915819,0.2434367541766109
H384,random_two_missing,punk,0.3017908705235383,0.2075471698113207
H384,random_two_missing,6 of 10 stars,0.1279411231386056,0.1975903614457831
H384,random_two_missing,classic,0.1962435729365589,0.2880583409298086
H384,random_two_missing,loved,0.1353086491002776,0.219298245614035
H384,random_two_missing,70s,0.2835848217370197,0.3380454824830977
H384,random_two_missing,easy listening,0.2666325254544501,0.3156708004509583
H384,random_two_missing,ambient,0.2988410869134423,0.3538767395626243
AttnFusion,observed,rock,0.796551374815361,0.7520211671321476
AttnFusion,observed,pop,0.8566022177613424,0.781812725090036
AttnFusion,observed,favorites,0.6491422499610802,0.6512568621785612
AttnFusion,observed,alternative,0.6854827105221631,0.6513811157248601
AttnFusion,observed,indie,0.5848029189216936,0.5810536980749746
AttnFusion,observed,alternative rock,0.6446428473531428,0.6115983026874116
AttnFusion,observed,male vocalists,0.5741432779329566,0.5904150197628458
AttnFusion,observed,love,0.5229042816531959,0.5443241998618467
AttnFusion,observed,awesome,0.4357346495742326,0.4603083952027413
AttnFusion,observed,beautiful,0.4587335969934174,0.5028759244042728
AttnFusion,observed,american,0.4229884450535043,0.4745967741935484
AttnFusion,observed,female vocalists,0.7882937422267322,0.748472775564409
AttnFusion,observed,seen live,0.4414309466829741,0.460431654676259
AttnFusion,observed,electronic,0.6220907831832371,0.5873417721518988
AttnFusion,observed,00s,0.4730073330296153,0.5037200330669606
AttnFusion,observed,metal,0.6853090603831736,0.6463667820069204
AttnFusion,observed,british,0.3075934227093307,0.3653769445552453
AttnFusion,observed,indie rock,0.5568192666981405,0.553464499572284
AttnFusion,observed,singer songwriter,0.463782573317744,0.4629954401964223
AttnFusion,observed,classic rock,0.5476488850205935,0.5373563218390804
AttnFusion,observed,mellow,0.45273509659266,0.4843630816170862
AttnFusion,observed,dance,0.6078213197278415,0.5751539297356031
AttnFusion,observed,chill,0.3358545891299946,0.3877940241576605
AttnFusion,observed,hard rock,0.4765891290558318,0.4827586206896552
AttnFusion,observed,chillout,0.3515550752000389,0.4182726623840114
AttnFusion,observed,pop rock,0.4642404108930397,0.4717770034843205
AttnFusion,observed,90s,0.3839360711791892,0.4129032258064516
AttnFusion,observed,80s,0.5775186055523684,0.5453586497890295
AttnFusion,observed,experimental,0.2785328923986933,0.3312348668280871
AttnFusion,observed,cool,0.2624813716802012,0.3278879813302217
AttnFusion,observed,love at first listen,0.3293673794583836,0.3743545611015491
AttnFusion,observed,amazing,0.2424965588424477,0.2969941677882458
AttnFusion,observed,epic,0.2068254649746029,0.2777777777777778
AttnFusion,observed,sad,0.3493779949980135,0.3955307262569832
AttnFusion,observed,catchy,0.3641248600375945,0.3941354031910306
AttnFusion,observed,guitar,0.2746692262763861,0.3305954825462012
AttnFusion,observed,folk,0.4414729049711224,0.4267352185089974
AttnFusion,observed,sexy,0.383756646831704,0.4072234762979684
AttnFusion,observed,soul,0.4763753422468225,0.476460578559274
AttnFusion,observed,acoustic,0.4064489210185005,0.4392884764114462
AttnFusion,observed,melancholy,0.2979960054509445,0.3567052416609939
AttnFusion,observed,heavy metal,0.3797636209478309,0.4411764705882353
AttnFusion,observed,indie pop,0.2531284321409356,0.3287009063444109
AttnFusion,observed,punk,0.4734949602388062,0.5188834154351396
AttnFusion,observed,6 of 10 stars,0.1471742197562495,0.1904205607476635
AttnFusion,observed,classic,0.2849516580214736,0.3640102827763496
AttnFusion,observed,loved,0.1697694624779168,0.2496595551520653
AttnFusion,observed,70s,0.4165033654706548,0.483754512635379
AttnFusion,observed,easy listening,0.3587216250677048,0.4101068999028183
AttnFusion,observed,ambient,0.4717028846949898,0.4615384615384615
AttnFusion,no_audio,rock,0.7376708308842119,0.7265272652726528
AttnFusion,no_audio,pop,0.8116318435841606,0.7477895998801138
AttnFusion,no_audio,favorites,0.6115343250258676,0.6317562824652534
AttnFusion,no_audio,alternative,0.6191195569800434,0.6217421124828533
AttnFusion,no_audio,indie,0.5034596428601543,0.5437607256680559
AttnFusion,no_audio,alternative rock,0.527673661004528,0.5215336134453782
AttnFusion,no_audio,male vocalists,0.5091288089017002,0.5320424158598432
AttnFusion,no_audio,love,0.4966343226242121,0.5233476201218137
AttnFusion,no_audio,awesome,0.3770067872139839,0.4233968339146767
AttnFusion,no_audio,beautiful,0.4000301991246554,0.453569511540526
AttnFusion,no_audio,american,0.3923710561682261,0.4665757162346521
AttnFusion,no_audio,female vocalists,0.6634876062632606,0.6303265080243498
AttnFusion,no_audio,seen live,0.3555950180273176,0.4002505480739117
AttnFusion,no_audio,electronic,0.432084339194743,0.4192245557350565
AttnFusion,no_audio,00s,0.4194577490673818,0.4537580329701033
AttnFusion,no_audio,metal,0.5448668603894202,0.5165165165165165
AttnFusion,no_audio,british,0.2664292084120522,0.3410791650256006
AttnFusion,no_audio,indie rock,0.4049906916235541,0.4530340814630091
AttnFusion,no_audio,singer songwriter,0.3846398903979531,0.4092990489609017
AttnFusion,no_audio,classic rock,0.4223142917617803,0.4614699331848552
AttnFusion,no_audio,mellow,0.3431605753735091,0.3933764135702746
AttnFusion,no_audio,dance,0.4857485184623682,0.4714946070878274
AttnFusion,no_audio,chill,0.2783839565068677,0.3567921440261866
AttnFusion,no_audio,hard rock,0.305874897985094,0.3264137437365784
AttnFusion,no_audio,chillout,0.2786368121592215,0.3462513582035494
AttnFusion,no_audio,pop rock,0.3859542762626005,0.4146014735432016
AttnFusion,no_audio,90s,0.3076732188458133,0.3283450704225352
AttnFusion,no_audio,80s,0.4584681108788439,0.4222811671087533
AttnFusion,no_audio,experimental,0.2425852471490573,0.3060156931124673
AttnFusion,no_audio,cool,0.2410832092843068,0.3093406593406593
AttnFusion,no_audio,love at first listen,0.2954605940069035,0.327372764786795
AttnFusion,no_audio,amazing,0.2215354216708842,0.2977481234361968
AttnFusion,no_audio,epic,0.1743392627741656,0.2552594670406732
AttnFusion,no_audio,sad,0.2657905854109541,0.3295711060948081
AttnFusion,no_audio,catchy,0.3423343374062697,0.3831252690486439
AttnFusion,no_audio,guitar,0.2353491754688237,0.2987197724039829
AttnFusion,no_audio,folk,0.2777501811324806,0.334716459197787
AttnFusion,no_audio,sexy,0.3445486494449333,0.378132118451025
AttnFusion,no_audio,soul,0.3767386763332755,0.3900966183574879
AttnFusion,no_audio,acoustic,0.2613549117907284,0.2979842243645925
AttnFusion,no_audio,melancholy,0.2135988126916371,0.2619047619047619
AttnFusion,no_audio,heavy metal,0.2808108201504045,0.3648
AttnFusion,no_audio,indie pop,0.2094178765340556,0.2941176470588235
AttnFusion,no_audio,punk,0.2823013643031287,0.2745945945945946
AttnFusion,no_audio,6 of 10 stars,0.1358725380064782,0.1837052413077322
AttnFusion,no_audio,classic,0.2511887072956037,0.3142719846227775
AttnFusion,no_audio,loved,0.1514055984927928,0.2368964094098225
AttnFusion,no_audio,70s,0.3120245032343222,0.3635135135135135
AttnFusion,no_audio,easy listening,0.3151237199021512,0.3614846691769768
AttnFusion,no_audio,ambient,0.3364085669949469,0.3653355989804588
AttnFusion,no_lyrics,rock,0.7786695239684074,0.7361853832442068
AttnFusion,no_lyrics,pop,0.8416297753587785,0.7660222256051149
AttnFusion,no_lyrics,favorites,0.634087035731924,0.6456232646500073
AttnFusion,no_lyrics,alternative,0.6495799040823492,0.6244604316546762
AttnFusion,no_lyrics,indie,0.5316428474443633,0.5522842639593909
AttnFusion,no_lyrics,alternative rock,0.6072839900483463,0.5767226404169079
AttnFusion,no_lyrics,male vocalists,0.5378040709380184,0.5727181544633901
AttnFusion,no_lyrics,love,0.4901203331917091,0.5207718501702611
AttnFusion,no_lyrics,awesome,0.4253866292160582,0.4463087248322148
AttnFusion,no_lyrics,beautiful,0.4493553033178602,0.5025178902729923
AttnFusion,no_lyrics,american,0.381567130957852,0.4468127096901519
AttnFusion,no_lyrics,female vocalists,0.7840886059458616,0.7497337593184239
AttnFusion,no_lyrics,seen live,0.4351296768774126,0.4471358428805237
AttnFusion,no_lyrics,electronic,0.5862904699703597,0.5684357541899442
AttnFusion,no_lyrics,00s,0.4665859245805926,0.486337289539056
AttnFusion,no_lyrics,metal,0.6234229014337447,0.6065464261857048
AttnFusion,no_lyrics,british,0.2985068714528803,0.350019105846389
AttnFusion,no_lyrics,indie rock,0.5020739601897201,0.4953229398663697
AttnFusion,no_lyrics,singer songwriter,0.4309025627945167,0.4536222071767095
AttnFusion,no_lyrics,classic rock,0.4864630332897874,0.4906542056074766
AttnFusion,no_lyrics,mellow,0.4273707163955424,0.4680545585068198
AttnFusion,no_lyrics,dance,0.5980818052403792,0.5726169844020798
AttnFusion,no_lyrics,chill,0.3277026723481446,0.386877127824203
AttnFusion,no_lyrics,hard rock,0.4273925723674773,0.4466273739358218
AttnFusion,no_lyrics,chillout,0.3463565775556871,0.4202254868466006
AttnFusion,no_lyrics,pop rock,0.4389950289744854,0.4538567493112947
AttnFusion,no_lyrics,90s,0.3738032124240705,0.4008230452674897
AttnFusion,no_lyrics,80s,0.55631708776729,0.5388174807197943
AttnFusion,no_lyrics,experimental,0.2560216448128609,0.3085263676688023
AttnFusion,no_lyrics,cool,0.2616539269032539,0.3277826468010517
AttnFusion,no_lyrics,love at first listen,0.3124257950550653,0.3697341513292433
AttnFusion,no_lyrics,amazing,0.2350088196230843,0.2965116279069767
AttnFusion,no_lyrics,epic,0.212517095193665,0.2874251497005988
AttnFusion,no_lyrics,sad,0.3181592420854234,0.3764705882352941
AttnFusion,no_lyrics,catchy,0.3321578178506384,0.3788948899044453
AttnFusion,no_lyrics,guitar,0.2421563249210091,0.3162055335968379
AttnFusion,no_lyrics,folk,0.3783758762019181,0.4106369820655535
AttnFusion,no_lyrics,sexy,0.354104236662411,0.3895098882201204
AttnFusion,no_lyrics,soul,0.4251418688460952,0.449267498643516
AttnFusion,no_lyrics,acoustic,0.3736382666440914,0.4177121771217712
AttnFusion,no_lyrics,melancholy,0.287955023393083,0.3595649392194497
AttnFusion,no_lyrics,heavy metal,0.3209191240279498,0.4143646408839779
AttnFusion,no_lyrics,indie pop,0.2225381370869977,0.2969325153374233
AttnFusion,no_lyrics,punk,0.4578262490676229,0.4885620915032679
AttnFusion,no_lyrics,6 of 10 stars,0.1429936625607644,0.1919470490899062
AttnFusion,no_lyrics,classic,0.2752829413420096,0.3482443482443482
AttnFusion,no_lyrics,loved,0.1694353635273214,0.2594688724423161
AttnFusion,no_lyrics,70s,0.4022391414564921,0.4439716312056737
AttnFusion,no_lyrics,easy listening,0.3342722138321407,0.3867707854846118
AttnFusion,no_lyrics,ambient,0.3801842376085645,0.4170008019246191
AttnFusion,no_visual,rock,0.7690594016054395,0.7418732373459997
AttnFusion,no_visual,pop,0.8296704771912535,0.7700566656725321
AttnFusion,no_visual,favorites,0.5962302762130534,0.6368510158013544
AttnFusion,no_visual,alternative,0.6578012891463857,0.6391600663105544
AttnFusion,no_visual,indie,0.5535403752636193,0.5668336409174796
AttnFusion,no_visual,alternative rock,0.6093100491716787,0.6008041355542791
AttnFusion,no_visual,male vocalists,0.5237370250087791,0.5693862459945773
AttnFusion,no_visual,love,0.4782550160539833,0.5101851851851852
AttnFusion,no_visual,awesome,0.3926462609110237,0.4200396263798471
AttnFusion,no_visual,beautiful,0.4230818008840982,0.4959655728886498
AttnFusion,no_visual,american,0.4135308090588307,0.4662327095199349
AttnFusion,no_visual,female vocalists,0.7541522116413267,0.7152941176470589
AttnFusion,no_visual,seen live,0.3835647835002242,0.4372574385510996
AttnFusion,no_visual,electronic,0.6110579967545313,0.5819229384227583
AttnFusion,no_visual,00s,0.3909349877777147,0.4585807181227028
AttnFusion,no_visual,metal,0.6512246943640391,0.6390210740992522
AttnFusion,no_visual,british,0.2913679286871373,0.3676752202221371
AttnFusion,no_visual,indie rock,0.5324733915891539,0.5241317095173658
AttnFusion,no_visual,singer songwriter,0.4259795592139205,0.4416315049226441
AttnFusion,no_visual,classic rock,0.4968070035845538,0.5122838944494995
AttnFusion,no_visual,mellow,0.4101690416792978,0.4811424386671549
AttnFusion,no_visual,dance,0.5761499831924028,0.5483750466940606
AttnFusion,no_visual,chill,0.3021992434935363,0.3764115432873274
AttnFusion,no_visual,hard rock,0.4357933831080756,0.4667097608274079
AttnFusion,no_visual,chillout,0.3099098609836875,0.3978984238178634
AttnFusion,no_visual,pop rock,0.4237854939384232,0.4549833271582067
AttnFusion,no_visual,90s,0.3336548657694406,0.3864948911594846
AttnFusion,no_visual,80s,0.4926511168319635,0.4856999498243853
AttnFusion,no_visual,experimental,0.2568853736083263,0.3229873908826382
AttnFusion,no_visual,cool,0.2237708193404801,0.3073420603301081
AttnFusion,no_visual,love at first listen,0.2879356254755819,0.3538823529411765
AttnFusion,no_visual,amazing,0.2106913288789823,0.2554605887939221
AttnFusion,no_visual,epic,0.1772044211219436,0.2576086956521739
AttnFusion,no_visual,sad,0.3220562754216346,0.3820704375667022
AttnFusion,no_visual,catchy,0.3133993217370708,0.3633879781420765
AttnFusion,no_visual,guitar,0.2367663057594436,0.297528996469995
AttnFusion,no_visual,folk,0.4344160068417237,0.4139650872817955
AttnFusion,no_visual,sexy,0.3516278735675215,0.3911028730305839
AttnFusion,no_visual,soul,0.4630024120564275,0.4698728579325594
AttnFusion,no_visual,acoustic,0.3738576171539808,0.4122938530734633
AttnFusion,no_visual,melancholy,0.2710067202906533,0.3446945337620579
AttnFusion,no_visual,heavy metal,0.3603189918363252,0.3902439024390244
AttnFusion,no_visual,indie pop,0.2278914605653962,0.293213828425096
AttnFusion,no_visual,punk,0.4613782188142045,0.4991816693944353
AttnFusion,no_visual,6 of 10 stars,0.1393410958620494,0.1785714285714285
AttnFusion,no_visual,classic,0.2499758951964536,0.330700888450148
AttnFusion,no_visual,loved,0.151207225916466,0.2212962962962963
AttnFusion,no_visual,70s,0.3718448110338223,0.4353562005277044
AttnFusion,no_visual,easy listening,0.3220297155313044,0.3988603988603988
AttnFusion,no_visual,ambient,0.4712430983554423,0.4530201342281879
AttnFusion,random_one_missing,rock,0.7648925814910333,0.7356089094590685
AttnFusion,random_one_missing,pop,0.8292420765649778,0.7628679245283019
AttnFusion,random_one_missing,favorites,0.6080457619856642,0.6393956670467503
AttnFusion,random_one_missing,alternative,0.6354724497277562,0.6221743810548978
AttnFusion,random_one_missing,indie,0.5300004628852829,0.5571318029404179
AttnFusion,random_one_missing,alternative rock,0.573590845834599,0.555336524922557
AttnFusion,random_one_missing,male vocalists,0.5283310448407261,0.561907078569691
AttnFusion,random_one_missing,love,0.4820244189988827,0.5121342708097074
AttnFusion,random_one_missing,awesome,0.3918888192051369,0.4229271007234279
AttnFusion,random_one_missing,beautiful,0.4296959401196097,0.4848484848484848
AttnFusion,random_one_missing,american,0.3871147199755422,0.4565303691941246
AttnFusion,random_one_missing,female vocalists,0.7424878095745312,0.7017167381974249
AttnFusion,random_one_missing,seen live,0.3909908285225104,0.4248704663212435
AttnFusion,random_one_missing,electronic,0.5426618093213571,0.5206883925302087
AttnFusion,random_one_missing,00s,0.4182022043444395,0.4624017957351291
AttnFusion,random_one_missing,metal,0.6006823478535347,0.5933609958506224
AttnFusion,random_one_missing,british,0.2857313405988664,0.3590144700821275
AttnFusion,random_one_missing,indie rock,0.4825737775231212,0.4887912087912088
AttnFusion,random_one_missing,singer songwriter,0.4280917992644795,0.441207075962539
AttnFusion,random_one_missing,classic rock,0.4828726521584303,0.4993116108306563
AttnFusion,random_one_missing,mellow,0.39428477720448,0.4496820052375608
AttnFusion,random_one_missing,dance,0.5585033003751356,0.5408163265306123
AttnFusion,random_one_missing,chill,0.3095951681811889,0.3683715092563539
AttnFusion,random_one_missing,hard rock,0.3786145750219031,0.399735274652548
AttnFusion,random_one_missing,chillout,0.3253376634298602,0.3864666899197768
AttnFusion,random_one_missing,pop rock,0.4163896644331205,0.4459269662921348
AttnFusion,random_one_missing,90s,0.3404694359480653,0.3608247422680412
AttnFusion,random_one_missing,80s,0.5234864766600841,0.4966512107161257
AttnFusion,random_one_missing,experimental,0.2527778991475589,0.3283018867924528
AttnFusion,random_one_missing,cool,0.2435066352960786,0.3171078849985767
AttnFusion,random_one_missing,love at first listen,0.2893493574164344,0.350597609561753
AttnFusion,random_one_missing,amazing,0.2169628008473003,0.2988306626245128
AttnFusion,random_one_missing,epic,0.1886282046661319,0.2616541353383458
AttnFusion,random_one_missing,sad,0.3056382975107957,0.3613941018766756
AttnFusion,random_one_missing,catchy,0.3398107555551101,0.3775377969762419
AttnFusion,random_one_missing,guitar,0.2389151102765097,0.295049504950495
AttnFusion,random_one_missing,folk,0.3592153674910085,0.3798449612403101
AttnFusion,random_one_missing,sexy,0.3343602129191532,0.3824843610366398
AttnFusion,random_one_missing,soul,0.413641422773233,0.4267265581134194
AttnFusion,random_one_missing,acoustic,0.3454220233235699,0.3808049535603715
AttnFusion,random_one_missing,melancholy,0.271951837102474,0.3241830065359477
AttnFusion,random_one_missing,heavy metal,0.2998990606638581,0.3887323943661971
AttnFusion,random_one_missing,indie pop,0.2151028276591738,0.2901234567901234
AttnFusion,random_one_missing,punk,0.4026804435705042,0.4336043360433604
AttnFusion,random_one_missing,6 of 10 stars,0.1455071110845575,0.1862745098039215
AttnFusion,random_one_missing,classic,0.2509290749069076,0.3347931873479319
AttnFusion,random_one_missing,loved,0.1595282795929065,0.243362831858407
AttnFusion,random_one_missing,70s,0.3661648010819416,0.4239504473503097
AttnFusion,random_one_missing,easy listening,0.3174424001317338,0.3908826382153249
AttnFusion,random_one_missing,ambient,0.4007057456481332,0.4184100418410041
AttnFusion,random_two_missing,rock,0.6944993870461853,0.7014285714285714
AttnFusion,random_two_missing,pop,0.7718576118095681,0.7256880733944954
AttnFusion,random_two_missing,favorites,0.5422808994110505,0.6168041381238641
AttnFusion,random_two_missing,alternative,0.5693342933193614,0.5896545421312375
AttnFusion,random_two_missing,indie,0.4446965643403857,0.5069244839299712
AttnFusion,random_two_missing,alternative rock,0.4678005719809524,0.499438202247191
AttnFusion,random_two_missing,male vocalists,0.4374205183496907,0.5044454843238184
AttnFusion,random_two_missing,love,0.429320964046883,0.4854677565849228
AttnFusion,random_two_missing,awesome,0.3381294247484187,0.3973226238286479
AttnFusion,random_two_missing,beautiful,0.3819875008533451,0.4436966088532229
AttnFusion,random_two_missing,american,0.3545693463652364,0.4412451361867704
AttnFusion,random_two_missing,female vocalists,0.6378279708609146,0.5880780539962577
AttnFusion,random_two_missing,seen live,0.3186935898100797,0.3862714508580343
AttnFusion,random_two_missing,electronic,0.4441348622762435,0.4388971684053651
AttnFusion,random_two_missing,00s,0.3537619839011856,0.4097701149425287
AttnFusion,random_two_missing,metal,0.4919464090591247,0.4924346629986245
AttnFusion,random_two_missing,british,0.2526507310724165,0.3078089461713419
AttnFusion,random_two_missing,indie rock,0.3691462486621629,0.401259559154296
AttnFusion,random_two_missing,singer songwriter,0.3479049457395132,0.3882809742322626
AttnFusion,random_two_missing,classic rock,0.3553118505034386,0.398972602739726
AttnFusion,random_two_missing,mellow,0.3338611247042056,0.3971471471471471
AttnFusion,random_two_missing,dance,0.4709591976143089,0.4641130531796206
AttnFusion,random_two_missing,chill,0.2625157947530688,0.3388480392156863
AttnFusion,random_two_missing,hard rock,0.2964306593834135,0.3443456162642948
AttnFusion,random_two_missing,chillout,0.2827595465524201,0.3419898819561551
AttnFusion,random_two_missing,pop rock,0.3501954658559252,0.3944661227385598
AttnFusion,random_two_missing,90s,0.2817674914419734,0.3077589943649761
AttnFusion,random_two_missing,80s,0.3840787722145856,0.3806706114398422
AttnFusion,random_two_missing,experimental,0.2248676880976679,0.2844561867018934
AttnFusion,random_two_missing,cool,0.2141570796825163,0.2847457627118644
AttnFusion,random_two_missing,love at first listen,0.2567484761609637,0.2945075757575757
AttnFusion,random_two_missing,amazing,0.1864434596789023,0.2469652574298869
AttnFusion,random_two_missing,epic,0.172715412392921,0.2456470588235294
AttnFusion,random_two_missing,sad,0.2483577371528726,0.322680412371134
AttnFusion,random_two_missing,catchy,0.267118270798536,0.3294422827496757
AttnFusion,random_two_missing,guitar,0.1853222622394142,0.2559414990859232
AttnFusion,random_two_missing,folk,0.2652292472386393,0.3041237113402061
AttnFusion,random_two_missing,sexy,0.3033034474370275,0.3480929416922402
AttnFusion,random_two_missing,soul,0.3325112227446098,0.3730512249443207
AttnFusion,random_two_missing,acoustic,0.2684708498948503,0.3060109289617486
AttnFusion,random_two_missing,melancholy,0.2065946634051736,0.2725552050473186
AttnFusion,random_two_missing,heavy metal,0.2491500655762462,0.3699731903485255
AttnFusion,random_two_missing,indie pop,0.1695582571838632,0.232
AttnFusion,random_two_missing,punk,0.3069068363372418,0.3013182674199623
AttnFusion,random_two_missing,6 of 10 stars,0.1333581306259118,0.1860696517412935
AttnFusion,random_two_missing,classic,0.200854431164587,0.2846975088967972
AttnFusion,random_two_missing,loved,0.1416512140471314,0.2105263157894736
AttnFusion,random_two_missing,70s,0.2756366200059558,0.3506078055022393
AttnFusion,random_two_missing,easy listening,0.2675501721103359,0.3326885880077369
AttnFusion,random_two_missing,ambient,0.2894952007967316,0.3492063492063492
EvidFusion,observed,rock,0.7949973005339197,0.7459994180971777
EvidFusion,observed,pop,0.8524026327855597,0.7787816962984553
EvidFusion,observed,favorites,0.637892222795821,0.6458569807037458
EvidFusion,observed,alternative,0.6714832470831502,0.6400280406589555
EvidFusion,observed,indie,0.5659335093392718,0.5687022900763359
EvidFusion,observed,alternative rock,0.6347394459103106,0.5989997057958223
EvidFusion,observed,male vocalists,0.5764440082630156,0.5911133300049926
EvidFusion,observed,love,0.5306246494707035,0.5300901656531768
EvidFusion,observed,awesome,0.4252024998882059,0.4569589702333065
EvidFusion,observed,beautiful,0.4556649786524973,0.5038323965252938
EvidFusion,observed,american,0.4103410690951161,0.4717686405665945
EvidFusion,observed,female vocalists,0.7885032150099601,0.7483248458858215
EvidFusion,observed,seen live,0.4183203282970261,0.437007874015748
EvidFusion,observed,electronic,0.5928986178603668,0.5751258087706685
EvidFusion,observed,00s,0.46090042347288,0.4897324206596142
EvidFusion,observed,metal,0.6787914091505434,0.6194302410518627
EvidFusion,observed,british,0.3187066014038343,0.375177304964539
EvidFusion,observed,indie rock,0.5235412325453597,0.5217391304347826
EvidFusion,observed,singer songwriter,0.4248170423230478,0.4547945205479452
EvidFusion,observed,classic rock,0.5256776976547283,0.5128458498023716
EvidFusion,observed,mellow,0.440426877010155,0.4840677966101694
EvidFusion,observed,dance,0.5989055794090632,0.5608232267548695
EvidFusion,observed,chill,0.322488013536605,0.3745019920318725
EvidFusion,observed,hard rock,0.4136429136315113,0.4344746162927981
EvidFusion,observed,chillout,0.3535305076461916,0.4046121593291404
EvidFusion,observed,pop rock,0.4395810580335469,0.459557609772202
EvidFusion,observed,90s,0.3718916989708203,0.4051910598413842
EvidFusion,observed,80s,0.5443893364435388,0.5394426074633916
EvidFusion,observed,experimental,0.2607336059186106,0.3224181360201511
EvidFusion,observed,cool,0.2577825425061677,0.3246930422919509
EvidFusion,observed,love at first listen,0.3066458285202172,0.3531274742676167
EvidFusion,observed,amazing,0.2497340939484163,0.3057784911717496
EvidFusion,observed,epic,0.1973923676113536,0.2625622453598913
EvidFusion,observed,sad,0.3452199663839572,0.3892405063291139
EvidFusion,observed,catchy,0.3587172361867151,0.3970467596390484
EvidFusion,observed,guitar,0.2542173341367648,0.318287037037037
EvidFusion,observed,folk,0.3977674269464162,0.4148936170212766
EvidFusion,observed,sexy,0.365133757356031,0.380559376432829
EvidFusion,observed,soul,0.4557032261153581,0.4519140989729225
EvidFusion,observed,acoustic,0.3743932630312731,0.4143534190927556
EvidFusion,observed,melancholy,0.2856844664988835,0.3563941299790356
EvidFusion,observed,heavy metal,0.3769341508241599,0.4438502673796791
EvidFusion,observed,indie pop,0.2191207549127417,0.3168805528134255
EvidFusion,observed,punk,0.4362176662594918,0.4628352490421455
EvidFusion,observed,6 of 10 stars,0.1421232884968533,0.1979035639412998
EvidFusion,observed,classic,0.266901765594669,0.3469573115349682
EvidFusion,observed,loved,0.16274515751342,0.2448552493896058
EvidFusion,observed,70s,0.3842510601001772,0.4609271523178808
EvidFusion,observed,easy listening,0.3525905049448661,0.4079120879120879
EvidFusion,observed,ambient,0.4553343238395765,0.4314868804664723
EvidFusion,no_audio,rock,0.731528097851776,0.7165674066053059
EvidFusion,no_audio,pop,0.8108712196036021,0.757126886528787
EvidFusion,no_audio,favorites,0.6033489899139314,0.6308921438082556
EvidFusion,no_audio,alternative,0.6079840588127318,0.6112227546761477
EvidFusion,no_audio,indie,0.4984235311496121,0.5186028853454822
EvidFusion,no_audio,alternative rock,0.5112497528948258,0.5079436115462072
EvidFusion,no_audio,male vocalists,0.5007025504897991,0.5248618784530387
EvidFusion,no_audio,love,0.5072510288323225,0.5143158264535395
EvidFusion,no_audio,awesome,0.374189010762988,0.423158299673014
EvidFusion,no_audio,beautiful,0.398192265571491,0.4511538461538461
EvidFusion,no_audio,american,0.3829009195115881,0.4371482176360225
EvidFusion,no_audio,female vocalists,0.6698208164895754,0.6186440677966102
EvidFusion,no_audio,seen live,0.352025606351492,0.3640579710144928
EvidFusion,no_audio,electronic,0.4094495131382393,0.4482029598308668
EvidFusion,no_audio,00s,0.4228703426340299,0.4489170859768103
EvidFusion,no_audio,metal,0.5674034223416881,0.5344494526722473
EvidFusion,no_audio,british,0.2714381404879403,0.3322831337954211
EvidFusion,no_audio,indie rock,0.3856599299982459,0.4210526315789473
EvidFusion,no_audio,singer songwriter,0.3610879522353584,0.4129256126653654
EvidFusion,no_audio,classic rock,0.4176114245436611,0.4325613079019073
EvidFusion,no_audio,mellow,0.3388215028923872,0.3903095558546433
EvidFusion,no_audio,dance,0.4886571330497207,0.4821526633717737
EvidFusion,no_audio,chill,0.267437658908869,0.3471010277292999
EvidFusion,no_audio,hard rock,0.2892707071214029,0.3096917935388043
EvidFusion,no_audio,chillout,0.2747829243997737,0.3400428265524625
EvidFusion,no_audio,pop rock,0.3549017974157903,0.4118038606611937
EvidFusion,no_audio,90s,0.3060338354282499,0.3371824480369515
EvidFusion,no_audio,80s,0.4526209607283391,0.4329454990814452
EvidFusion,no_audio,experimental,0.2288084878376829,0.2683690676945314
EvidFusion,no_audio,cool,0.235389966969256,0.2962089962679238
EvidFusion,no_audio,love at first listen,0.2699554489211596,0.3162413546386835
EvidFusion,no_audio,amazing,0.2243996773830434,0.274649361523969
EvidFusion,no_audio,epic,0.1660878937752107,0.23791657470757
EvidFusion,no_audio,sad,0.2690739972985067,0.3123919308357348
EvidFusion,no_audio,catchy,0.3252482987308422,0.3385300668151447
EvidFusion,no_audio,guitar,0.2197764274171829,0.2627267407840842
EvidFusion,no_audio,folk,0.2618449580818016,0.2805397727272727
EvidFusion,no_audio,sexy,0.3291182853096773,0.3557138942175938
EvidFusion,no_audio,soul,0.3583303725840802,0.3642814902424601
EvidFusion,no_audio,acoustic,0.248208665534441,0.2738643844634628
EvidFusion,no_audio,melancholy,0.203907850502244,0.278853046594982
EvidFusion,no_audio,heavy metal,0.2974956593119304,0.3141891891891892
EvidFusion,no_audio,indie pop,0.1801757150547951,0.2344266463259598
EvidFusion,no_audio,punk,0.278563827218482,0.3173367920449632
EvidFusion,no_audio,6 of 10 stars,0.1304358805142921,0.2087931336486249
EvidFusion,no_audio,classic,0.2322955781466037,0.2531017369727047
EvidFusion,no_audio,loved,0.1483988660189156,0.2025641025641025
EvidFusion,no_audio,70s,0.2942034591730889,0.3022912047302291
EvidFusion,no_audio,easy listening,0.2987514238427171,0.326036569662632
EvidFusion,no_audio,ambient,0.311203587446646,0.3197389885807504
EvidFusion,no_lyrics,rock,0.7762569095238709,0.7295578885110158
EvidFusion,no_lyrics,pop,0.8391838333758803,0.763615625891075
EvidFusion,no_lyrics,favorites,0.6299617920413759,0.6447876447876448
EvidFusion,no_lyrics,alternative,0.6323626133407552,0.6156775626785148
EvidFusion,no_lyrics,indie,0.5142612946066105,0.517154487303741
EvidFusion,no_lyrics,alternative rock,0.5909180363370522,0.5584479371316307
EvidFusion,no_lyrics,male vocalists,0.5463913008422041,0.5749313041640245
EvidFusion,no_lyrics,love,0.488448622441296,0.5176711627112857
EvidFusion,no_lyrics,awesome,0.4151706013763478,0.4378604096241797
EvidFusion,no_lyrics,beautiful,0.4482522159439838,0.4915152725094829
EvidFusion,no_lyrics,american,0.3748019967249215,0.4280308763432723
EvidFusion,no_lyrics,female vocalists,0.7871516615681657,0.7304220541595511
EvidFusion,no_lyrics,seen live,0.4130078123221157,0.3845840130505709
EvidFusion,no_lyrics,electronic,0.5711023545150076,0.5592011412268189
EvidFusion,no_lyrics,00s,0.4544643832911526,0.4631941455015066
EvidFusion,no_lyrics,metal,0.6170294158041406,0.5825358851674641
EvidFusion,no_lyrics,british,0.2980185627102606,0.335819209039548
EvidFusion,no_lyrics,indie rock,0.4671314075043468,0.4536628420123565
EvidFusion,no_lyrics,singer songwriter,0.3967654747788974,0.4416460535192264
EvidFusion,no_lyrics,classic rock,0.47690590412807,0.4710280373831775
EvidFusion,no_lyrics,mellow,0.4202807960770278,0.4456575682382134
EvidFusion,no_lyrics,dance,0.5868544006980985,0.5524135961153956
EvidFusion,no_lyrics,chill,0.3179420846900723,0.3602434077079107
EvidFusion,no_lyrics,hard rock,0.3833504295635533,0.393399913156752
EvidFusion,no_lyrics,chillout,0.347253798279486,0.3722789871168369
EvidFusion,no_lyrics,pop rock,0.4296275568814512,0.4362336114421931
EvidFusion,no_lyrics,90s,0.3734742758107795,0.369438621010948
EvidFusion,no_lyrics,80s,0.5350580628266703,0.4956911409858669
EvidFusion,no_lyrics,experimental,0.2417010054076734,0.2726602800294768
EvidFusion,no_lyrics,cool,0.2536973072298363,0.3078735519340271
EvidFusion,no_lyrics,love at first listen,0.3006077149001149,0.3271141264841289
EvidFusion,no_lyrics,amazing,0.2204590971387258,0.2728013029315961
EvidFusion,no_lyrics,epic,0.1946596580004941,0.2380030126963632
EvidFusion,no_lyrics,sad,0.3063986564953553,0.3415625907638687
EvidFusion,no_lyrics,catchy,0.3268857308251705,0.3478699268968994
EvidFusion,no_lyrics,guitar,0.2225370505643279,0.2799377916018662
EvidFusion,no_lyrics,folk,0.3320964636843553,0.3281853281853282
EvidFusion,no_lyrics,sexy,0.331773310389987,0.3573517681467695
EvidFusion,no_lyrics,soul,0.4144490306357311,0.3854632112004766
EvidFusion,no_lyrics,acoustic,0.3479288424599024,0.3335854765506807
EvidFusion,no_lyrics,melancholy,0.2710637955979911,0.3202372127501853
EvidFusion,no_lyrics,heavy metal,0.3196530045252866,0.3786152497808939
EvidFusion,no_lyrics,indie pop,0.1873477719932447,0.2328800988875154
EvidFusion,no_lyrics,punk,0.4312765914281321,0.424091587854654
EvidFusion,no_lyrics,6 of 10 stars,0.1368768203818005,0.2101313320825516
EvidFusion,no_lyrics,classic,0.2425099490995725,0.2759714512291832
EvidFusion,no_lyrics,loved,0.1585036332048472,0.2111068847470521
EvidFusion,no_lyrics,70s,0.3565061475826427,0.371464753060363
EvidFusion,no_lyrics,easy listening,0.3262089331178675,0.3605572248019666
EvidFusion,no_lyrics,ambient,0.3689408703509803,0.3538135593220339
EvidFusion,no_visual,rock,0.7689443549214506,0.7463428905792862
EvidFusion,no_visual,pop,0.8283526912951593,0.7736009044657999
EvidFusion,no_visual,favorites,0.5775815505380781,0.6281208935611038
EvidFusion,no_visual,alternative,0.6552775187009486,0.624938715476385
EvidFusion,no_visual,indie,0.5496716946736114,0.5399070519296828
EvidFusion,no_visual,alternative rock,0.6195103487017032,0.5816249050873197
EvidFusion,no_visual,male vocalists,0.5271691159080599,0.5668991756499683
EvidFusion,no_visual,love,0.4884813606141322,0.5130529369108049
EvidFusion,no_visual,awesome,0.3873012672402773,0.430622009569378
EvidFusion,no_visual,beautiful,0.4232911818696639,0.4848356309650053
EvidFusion,no_visual,american,0.4041427338723742,0.4446215139442231
EvidFusion,no_visual,female vocalists,0.7660041429100346,0.7207382224380767
EvidFusion,no_visual,seen live,0.3743310265947865,0.3846639983147251
EvidFusion,no_visual,electronic,0.5940219177131909,0.5751357875678937
EvidFusion,no_visual,00s,0.3819716150214183,0.4524387552416685
EvidFusion,no_visual,metal,0.6536640734234009,0.6140808344198174
EvidFusion,no_visual,british,0.3074913693611039,0.3590951932139491
EvidFusion,no_visual,indie rock,0.519056518395325,0.5007933989209775
EvidFusion,no_visual,singer songwriter,0.3983293054625591,0.448859455481972
EvidFusion,no_visual,classic rock,0.4869760018044916,0.4930555555555556
EvidFusion,no_visual,mellow,0.4100888132574516,0.453475935828877
EvidFusion,no_visual,dance,0.5779846486826034,0.5482076637824475
EvidFusion,no_visual,chill,0.2948767757447958,0.3661132396764581
EvidFusion,no_visual,hard rock,0.406613828551832,0.410982410982411
EvidFusion,no_visual,chillout,0.3113216590847338,0.3786289338863137
EvidFusion,no_visual,pop rock,0.4163125669175195,0.4590325765054294
EvidFusion,no_visual,90s,0.3176883861840973,0.3604049493813273
EvidFusion,no_visual,80s,0.4787445348198023,0.4941176470588235
EvidFusion,no_visual,experimental,0.2450766551421648,0.2956975228161669
EvidFusion,no_visual,cool,0.2244959521859312,0.3010325655281969
EvidFusion,no_visual,love at first listen,0.2751394716888319,0.3301472487729269
EvidFusion,no_visual,amazing,0.2346226426732691,0.2751479289940828
EvidFusion,no_visual,epic,0.1815035674546973,0.2379496825770044
EvidFusion,no_visual,sad,0.3266814784643503,0.3815699658703071
EvidFusion,no_visual,catchy,0.3181081268328911,0.3475391806433874
EvidFusion,no_visual,guitar,0.230390468194012,0.2849352419904567
EvidFusion,no_visual,folk,0.4185929053804985,0.352156514006225
EvidFusion,no_visual,sexy,0.3435851932482296,0.362672946717692
EvidFusion,no_visual,soul,0.4466270600315909,0.413013698630137
EvidFusion,no_visual,acoustic,0.3468093265466664,0.3681197710259797
EvidFusion,no_visual,melancholy,0.2696125230283225,0.3549078439777111
EvidFusion,no_visual,heavy metal,0.3595534962194611,0.3801498127340824
EvidFusion,no_visual,indie pop,0.2239216344927838,0.2699884125144843
EvidFusion,no_visual,punk,0.4152026859138078,0.4456347080878414
EvidFusion,no_visual,6 of 10 stars,0.1367747320872688,0.206389088298636
EvidFusion,no_visual,classic,0.2461099104824961,0.2660230624832395
EvidFusion,no_visual,loved,0.1490710087673862,0.2030962034647991
EvidFusion,no_visual,70s,0.3694659727509907,0.3702391496899911
EvidFusion,no_visual,easy listening,0.3247447618693451,0.3682288496652465
EvidFusion,no_visual,ambient,0.4633785274158885,0.4142661179698216
EvidFusion,random_one_missing,rock,0.7621468475599805,0.7320354995705697
EvidFusion,random_one_missing,pop,0.8278427263545431,0.7669683257918553
EvidFusion,random_one_missing,favorites,0.6015501351628915,0.6363758209355315
EvidFusion,random_one_missing,alternative,0.6273251222846594,0.6119663545468973
EvidFusion,random_one_missing,indie,0.5237369529285704,0.5203346954660439
EvidFusion,random_one_missing,alternative rock,0.5728532591581421,0.5445852259144155
EvidFusion,random_one_missing,male vocalists,0.5266024831043014,0.5520213420890622
EvidFusion,random_one_missing,love,0.4939727038357882,0.5140967629655413
EvidFusion,random_one_missing,awesome,0.3829665619597606,0.4283213382610387
EvidFusion,random_one_missing,beautiful,0.4271726275055972,0.4713147410358566
EvidFusion,random_one_missing,american,0.3810899536431946,0.4347151063499456
EvidFusion,random_one_missing,female vocalists,0.7478875885879716,0.6858345021037868
EvidFusion,random_one_missing,seen live,0.3759957183014322,0.3712861415752742
EvidFusion,random_one_missing,electronic,0.5234918196946439,0.5152107172760256
EvidFusion,random_one_missing,00s,0.4097173671120133,0.4474023185916702
EvidFusion,random_one_missing,metal,0.6100486368707565,0.5774213448488588
EvidFusion,random_one_missing,british,0.2829425690867995,0.339481774264383
EvidFusion,random_one_missing,indie rock,0.4544450412631808,0.4540667056758338
EvidFusion,random_one_missing,singer songwriter,0.3857031222634309,0.4268541619414833
EvidFusion,random_one_missing,classic rock,0.4669572138790177,0.4684941260234959
EvidFusion,random_one_missing,mellow,0.3903019186398563,0.423728813559322
EvidFusion,random_one_missing,dance,0.5532093617626632,0.5243104918965027
EvidFusion,random_one_missing,chill,0.2948050878712903,0.3547931382441978
EvidFusion,random_one_missing,hard rock,0.3444113565060168,0.3558718861209964
EvidFusion,random_one_missing,chillout,0.3166451858601171,0.3607510058113545
EvidFusion,random_one_missing,pop rock,0.3980009154688764,0.434032634032634
EvidFusion,random_one_missing,90s,0.334153099388048,0.3576803895528995
EvidFusion,random_one_missing,80s,0.5010886513503195,0.4749596122778675
EvidFusion,random_one_missing,experimental,0.2455160643809837,0.2719685812469317
EvidFusion,random_one_missing,cool,0.2342600106115455,0.2998823990591924
EvidFusion,random_one_missing,love at first listen,0.2721988332978539,0.3208504469678666
EvidFusion,random_one_missing,amazing,0.21626226870564,0.2699815081158824
EvidFusion,random_one_missing,epic,0.1732506376770241,0.2358117025956885
EvidFusion,random_one_missing,sad,0.2940644396886739,0.3339233038348083
EvidFusion,random_one_missing,catchy,0.3262853720596031,0.3386727688787185
EvidFusion,random_one_missing,guitar,0.2140403620669171,0.2728372655777374
EvidFusion,random_one_missing,folk,0.3363262723956067,0.3085758039816232
EvidFusion,random_one_missing,sexy,0.3124216839254735,0.348975188781014
EvidFusion,random_one_missing,soul,0.392282308921339,0.3723048891588217
EvidFusion,random_one_missing,acoustic,0.3283023320481528,0.3256325632563256
EvidFusion,random_one_missing,melancholy,0.2494268599632941,0.3048825941110697
EvidFusion,random_one_missing,heavy metal,0.2977037199143583,0.3504633529907329
EvidFusion,random_one_missing,indie pop,0.1951327646361392,0.2416280267903142
EvidFusion,random_one_missing,punk,0.393342885364712,0.3754681647940074
EvidFusion,random_one_missing,6 of 10 stars,0.1398849541142485,0.2076149425287356
EvidFusion,random_one_missing,classic,0.2366279125931005,0.2589376915219611
EvidFusion,random_one_missing,loved,0.1486787609258845,0.2028075360177318
EvidFusion,random_one_missing,70s,0.347978865215338,0.3418734987990392
EvidFusion,random_one_missing,easy listening,0.3097934771162423,0.344138303619665
EvidFusion,random_one_missing,ambient,0.3742095681129775,0.3467697404748757
EvidFusion,random_two_missing,rock,0.6950973617821192,0.706872757383384
EvidFusion,random_two_missing,pop,0.7750338508720984,0.7468017057569296
EvidFusion,random_two_missing,favorites,0.5380839378851379,0.618770554009613
EvidFusion,random_two_missing,alternative,0.5652764262680591,0.5871687587168759
EvidFusion,random_two_missing,indie,0.4496800017302018,0.4688232536333802
EvidFusion,random_two_missing,alternative rock,0.4761849594645577,0.4771517709671499
EvidFusion,random_two_missing,male vocalists,0.4388178022767065,0.4877175858142183
EvidFusion,random_two_missing,love,0.4338936024105304,0.4821505997976586
EvidFusion,random_two_missing,awesome,0.3318572651487719,0.390948905109489
EvidFusion,random_two_missing,beautiful,0.3792063564620306,0.4377229719249263
EvidFusion,random_two_missing,american,0.3500440102844803,0.4092114445219819
EvidFusion,random_two_missing,female vocalists,0.6506384196531583,0.5689594356261023
EvidFusion,random_two_missing,seen live,0.3144328826180708,0.3237637156170149
EvidFusion,random_two_missing,electronic,0.4477299429117468,0.4423820572312452
EvidFusion,random_two_missing,00s,0.3524384936992052,0.3873197115384615
EvidFusion,random_two_missing,metal,0.5081840117109955,0.4588235294117647
EvidFusion,random_two_missing,british,0.258979114631604,0.2979585476079164
EvidFusion,random_two_missing,indie rock,0.3723834768399178,0.3554636072973481
EvidFusion,random_two_missing,singer songwriter,0.3326994146862994,0.3793333333333333
EvidFusion,random_two_missing,classic rock,0.3535150698185405,0.3408741489128047
EvidFusion,random_two_missing,mellow,0.3307758244097192,0.3536332179930795
EvidFusion,random_two_missing,dance,0.477148597357031,0.4434250764525994
EvidFusion,random_two_missing,chill,0.2598914175206003,0.3262896208825357
EvidFusion,random_two_missing,hard rock,0.2869188465200117,0.2530521642619311
EvidFusion,random_two_missing,chillout,0.2822317462545056,0.3177300416800256
EvidFusion,random_two_missing,pop rock,0.3465822253621363,0.3781077924244952
EvidFusion,random_two_missing,90s,0.2848767928289459,0.2976079527803665
EvidFusion,random_two_missing,80s,0.3939172303398448,0.3357497138496757
EvidFusion,random_two_missing,experimental,0.2160246143641493,0.2095507382972039
EvidFusion,random_two_missing,cool,0.2146311294123565,0.2652625152625152
EvidFusion,random_two_missing,love at first listen,0.2538976280262757,0.2663086400252725
EvidFusion,random_two_missing,amazing,0.1915514009577764,0.2460781298062134
EvidFusion,random_two_missing,epic,0.1697216070704945,0.202112565032319
EvidFusion,random_two_missing,sad,0.2441699561225411,0.2507729302645139
EvidFusion,random_two_missing,catchy,0.266395346397351,0.2705456936226167
EvidFusion,random_two_missing,guitar,0.1801519149072515,0.2064141931081542
EvidFusion,random_two_missing,folk,0.264152007691635,0.2181391712275215
EvidFusion,random_two_missing,sexy,0.2952899225820408,0.2868400315208826
EvidFusion,random_two_missing,soul,0.3292587209879885,0.2744955462643156
EvidFusion,random_two_missing,acoustic,0.2522293549130269,0.2169401999622712
EvidFusion,random_two_missing,melancholy,0.2042171921379445,0.2297219558964525
EvidFusion,random_two_missing,heavy metal,0.2544400583232495,0.2010329757647993
EvidFusion,random_two_missing,indie pop,0.1777986605640582,0.1798310978638847
EvidFusion,random_two_missing,punk,0.3041777041831607,0.2435256701499318
EvidFusion,random_two_missing,6 of 10 stars,0.1322007864204193,0.2029624960605105
EvidFusion,random_two_missing,classic,0.19765530271221,0.1876590330788804
EvidFusion,random_two_missing,loved,0.1368422287417641,0.1878277451136183
EvidFusion,random_two_missing,70s,0.2911646159569102,0.1937354988399072
EvidFusion,random_two_missing,easy listening,0.277198141154778,0.2599966538397189
EvidFusion,random_two_missing,ambient,0.3023917666103413,0.2193578626669791
MCE,observed,rock,0.7997458459623952,0.7497407023262705
MCE,observed,pop,0.8563612573370348,0.7845485851175326
MCE,observed,favorites,0.6516308692691443,0.6550785973397824
MCE,observed,alternative,0.6844706185501375,0.6472292647591452
MCE,observed,indie,0.5874971378036421,0.5827218934911242
MCE,observed,alternative rock,0.6412429651746363,0.6057046979865772
MCE,observed,male vocalists,0.5796306644298355,0.5928423236514523
MCE,observed,love,0.5374270498612221,0.5483271375464684
MCE,observed,awesome,0.4325411070898372,0.4632390745501285
MCE,observed,beautiful,0.4654402000134414,0.5107498689040377
MCE,observed,american,0.425959213015674,0.4773697694278394
MCE,observed,female vocalists,0.7910478901699352,0.7550117156990367
MCE,observed,seen live,0.4393113468552247,0.4537865235539654
MCE,observed,electronic,0.6261152251776388,0.5938590369853455
MCE,observed,00s,0.486000337546325,0.5155448234228796
MCE,observed,metal,0.6842785645959495,0.6393088552915767
MCE,observed,british,0.3289933835757198,0.3751017087062652
MCE,observed,indie rock,0.5589379893426749,0.5534804753820034
MCE,observed,singer songwriter,0.4700783924654501,0.4707063943756277
MCE,observed,classic rock,0.5541370278989831,0.5325264750378215
MCE,observed,mellow,0.4567761574726076,0.4920241049273307
MCE,observed,dance,0.6107028734529276,0.5791590493601463
MCE,observed,chill,0.3479853724988567,0.3967408335944845
MCE,observed,hard rock,0.4713717278242851,0.4648160103292447
MCE,observed,chillout,0.3649538922879498,0.4175741644761547
MCE,observed,pop rock,0.4671748584886729,0.4762228260869565
MCE,observed,90s,0.3918228074572583,0.4099650349650349
MCE,observed,80s,0.5957640560363123,0.5625
MCE,observed,experimental,0.2824356993714417,0.3311258278145695
MCE,observed,cool,0.2786215427637966,0.327445652173913
MCE,observed,love at first listen,0.3313149800625613,0.3796259450855551
MCE,observed,amazing,0.2491614375176427,0.3112195121951219
MCE,observed,epic,0.2167390634597081,0.2927903137039075
MCE,observed,sad,0.3799235459544537,0.4105668684645019
MCE,observed,catchy,0.3662460400459219,0.4028475711892797
MCE,observed,guitar,0.27858022479878,0.3315450643776824
MCE,observed,folk,0.4455271297163033,0.4439716312056737
MCE,observed,sexy,0.3819548826574632,0.4077212806026365
MCE,observed,soul,0.488320642398978,0.477627471383975
MCE,observed,acoustic,0.4003534905677431,0.4239290989660266
MCE,observed,melancholy,0.3082646457559057,0.3488194973343488
MCE,observed,heavy metal,0.3835096505518323,0.4556213017751479
MCE,observed,indie pop,0.2505734314117445,0.3260619977037887
MCE,observed,punk,0.4668627072689117,0.5234795996920708
MCE,observed,6 of 10 stars,0.1450435318569916,0.2020018198362147
MCE,observed,classic,0.290876578065392,0.3591101694915254
MCE,observed,loved,0.1701284290228042,0.2531756460797196
MCE,observed,70s,0.4171472319831429,0.4905385735080058
MCE,observed,easy listening,0.3670768383450651,0.4151624548736462
MCE,observed,ambient,0.4832550418532977,0.4696282864913871
MCE,no_audio,rock,0.7375650350945406,0.7236892953754992
MCE,no_audio,pop,0.8122399733979893,0.7516798130295063
MCE,no_audio,favorites,0.6163493121156227,0.6350643837554832
MCE,no_audio,alternative,0.617789974533327,0.6231531092709856
MCE,no_audio,indie,0.514213171413005,0.5393784589186889
MCE,no_audio,alternative rock,0.523351968388495,0.5228174603174603
MCE,no_audio,male vocalists,0.5060147722449485,0.5170207320194523
MCE,no_audio,love,0.5111825427854162,0.5194330132601738
MCE,no_audio,awesome,0.3823575408535196,0.4307133121308496
MCE,no_audio,beautiful,0.4066926921860716,0.4543160020191822
MCE,no_audio,american,0.3939218332748652,0.4651546391752577
MCE,no_audio,female vocalists,0.6755956267245549,0.6360970407891229
MCE,no_audio,seen live,0.3630806201659552,0.3918345705196182
MCE,no_audio,electronic,0.427117173524406,0.4346538319141059
MCE,no_audio,00s,0.4371091898168843,0.460466525295365
MCE,no_audio,metal,0.5546972449939055,0.5025553662691652
MCE,no_audio,british,0.2902105937026127,0.341887417218543
MCE,no_audio,indie rock,0.4096109608372925,0.458730817088345
MCE,no_audio,singer songwriter,0.3992748350781784,0.4283746556473829
MCE,no_audio,classic rock,0.4339685476873877,0.4332988624612203
MCE,no_audio,mellow,0.3399248151415865,0.3952627683197631
MCE,no_audio,dance,0.491360535459768,0.4682639764606978
MCE,no_audio,chill,0.2824953305921062,0.3469070562635996
MCE,no_audio,hard rock,0.3109577104436368,0.3325876211782252
MCE,no_audio,chillout,0.2827373630017754,0.3464755077658303
MCE,no_audio,pop rock,0.3792460808458663,0.4166389351081531
MCE,no_audio,90s,0.3232354156915666,0.3285924472780775
MCE,no_audio,80s,0.4721017668040001,0.4187391555812608
MCE,no_audio,experimental,0.2399084243754422,0.3126628452318916
MCE,no_audio,cool,0.2560045212460233,0.3098865478119935
MCE,no_audio,love at first listen,0.2956765681896982,0.3313096270598439
MCE,no_audio,amazing,0.2308265885366958,0.3053830227743271
MCE,no_audio,epic,0.1821077931493444,0.2606029637199795
MCE,no_audio,sad,0.3006391206639324,0.327552986512524
MCE,no_audio,catchy,0.3405869832311899,0.3856624319419238
MCE,no_audio,guitar,0.2417146340839942,0.3020496224379719
MCE,no_audio,folk,0.2851135369424268,0.3122605363984674
MCE,no_audio,sexy,0.3486787642036928,0.3683168316831683
MCE,no_audio,soul,0.3782891932412955,0.3876651982378855
MCE,no_audio,acoustic,0.2568404122427976,0.2675026123301985
MCE,no_audio,melancholy,0.2290815611097409,0.2324687800192122
MCE,no_audio,heavy metal,0.2784087960119145,0.3467153284671533
MCE,no_audio,indie pop,0.2060759604551058,0.2827466820542412
MCE,no_audio,punk,0.2816637615898906,0.2340168878166465
MCE,no_audio,6 of 10 stars,0.1381604355537463,0.1993410214168039
MCE,no_audio,classic,0.264983718081441,0.3398546674119619
MCE,no_audio,loved,0.1556058470372876,0.2329853862212943
MCE,no_audio,70s,0.3194568855078552,0.3718439173680183
MCE,no_audio,easy listening,0.3190733549181925,0.3560486001056524
MCE,no_audio,ambient,0.3480446686778869,0.3733602421796165
MCE,no_lyrics,rock,0.7812257796618296,0.7383177570093458
MCE,no_lyrics,pop,0.8417983252520491,0.7701046337817639
MCE,no_lyrics,favorites,0.6367170745333466,0.6504585820352308
MCE,no_lyrics,alternative,0.646409716181259,0.6281833616298812
MCE,no_lyrics,indie,0.536035817634863,0.5426734648636666
MCE,no_lyrics,alternative rock,0.6007996282924635,0.5730581205866377
MCE,no_lyrics,male vocalists,0.5464742836291266,0.5725368502715283
MCE,no_lyrics,love,0.4962783792123384,0.5210275062514208
MCE,no_lyrics,awesome,0.4218565619595441,0.4546975854649773
MCE,no_lyrics,beautiful,0.4534272140198951,0.5127326150832517
MCE,no_lyrics,american,0.3789203791443253,0.450171129454399
MCE,no_lyrics,female vocalists,0.7890837406961488,0.7555438225976768
MCE,no_lyrics,seen live,0.4246926805732315,0.4372822299651568
MCE,no_lyrics,electronic,0.6038375269472093,0.5766701280719972
MCE,no_lyrics,00s,0.4747312649834431,0.5068738792588166
MCE,no_lyrics,metal,0.631290786442234,0.5967976710334789
MCE,no_lyrics,british,0.3164487618818469,0.3491525423728813
MCE,no_lyrics,indie rock,0.501475936209037,0.4912587412587412
MCE,no_lyrics,singer songwriter,0.4341906737993179,0.457991156032849
MCE,no_lyrics,classic rock,0.5023140936521997,0.4955925563173359
MCE,no_lyrics,mellow,0.4370837757461073,0.4816753926701571
MCE,no_lyrics,dance,0.6030064570516505,0.5724824787901144
MCE,no_lyrics,chill,0.3380778850299993,0.3985027353872732
MCE,no_lyrics,hard rock,0.4228176989822662,0.4390862944162436
MCE,no_lyrics,chillout,0.3625609917648644,0.4191201939729823
MCE,no_lyrics,pop rock,0.4475527471056263,0.453804347826087
MCE,no_lyrics,90s,0.3884850576204561,0.4107685627442466
MCE,no_lyrics,80s,0.5749492594879803,0.5556711758584808
MCE,no_lyrics,experimental,0.260481222503742,0.3178733031674208
MCE,no_lyrics,cool,0.2684353860539039,0.3324708926261319
MCE,no_lyrics,love at first listen,0.3178334779393878,0.3641691084135621
MCE,no_lyrics,amazing,0.2354408189462067,0.2992592592592593
MCE,no_lyrics,epic,0.2198955824572941,0.2943317732709308
MCE,no_lyrics,sad,0.3341899976349787,0.3787114845938375
MCE,no_lyrics,catchy,0.3354431050794712,0.3762125685364825
MCE,no_lyrics,guitar,0.2485339031212918,0.3226130653266331
MCE,no_lyrics,folk,0.387165912551964,0.4221748400852878
MCE,no_lyrics,sexy,0.3473256905900898,0.3814634146341463
MCE,no_lyrics,soul,0.4380359603275432,0.4642857142857143
MCE,no_lyrics,acoustic,0.3664361899454711,0.4198975859546452
MCE,no_lyrics,melancholy,0.2955435873455977,0.3374233128834356
MCE,no_lyrics,heavy metal,0.3231676127193558,0.3875968992248062
MCE,no_lyrics,indie pop,0.2225177188692755,0.3089921544960772
MCE,no_lyrics,punk,0.4492667378773933,0.4809483488569009
MCE,no_lyrics,6 of 10 stars,0.1433825517841634,0.2094995759117896
MCE,no_lyrics,classic,0.2793034116874101,0.350293542074364
MCE,no_lyrics,loved,0.1688365651482185,0.2598736176935229
MCE,no_lyrics,70s,0.3954891585697806,0.445054945054945
MCE,no_lyrics,easy listening,0.3441569184744656,0.3941052631578947
MCE,no_lyrics,ambient,0.3940361254104171,0.4276729559748428
MCE,no_visual,rock,0.7713072748532291,0.7461782520911451
MCE,no_visual,pop,0.8285417044867917,0.7748614756488772
MCE,no_visual,favorites,0.5948716014470362,0.6386696730552424
MCE,no_visual,alternative,0.6560167787685178,0.6416961130742049
MCE,no_visual,indie,0.5537053344699205,0.5710917236500825
MCE,no_visual,alternative rock,0.6096343055937999,0.5981152993348116
MCE,no_visual,male vocalists,0.5337818802379405,0.5777891504605936
MCE,no_visual,love,0.4925457265981522,0.5186385737439222
MCE,no_visual,awesome,0.3909213950135866,0.4271752085816448
MCE,no_visual,beautiful,0.4295220127757429,0.4953152696885287
MCE,no_visual,american,0.4120820322911142,0.4754203021919557
MCE,no_visual,female vocalists,0.7625515210171013,0.7260759493670886
MCE,no_visual,seen live,0.3875821243523621,0.4276905829596412
MCE,no_visual,electronic,0.6157252838381295,0.5891741845940319
MCE,no_visual,00s,0.4000116588580624,0.4500953591862682
MCE,no_visual,metal,0.6521286171049301,0.6134880348078318
MCE,no_visual,british,0.3049369938970704,0.373170731707317
MCE,no_visual,indie rock,0.5374441780786411,0.5391539153915391
MCE,no_visual,singer songwriter,0.4324099400092491,0.4468517264725795
MCE,no_visual,classic rock,0.5068756797977045,0.5118759088705769
MCE,no_visual,mellow,0.4214285143410552,0.4807302231237322
MCE,no_visual,dance,0.5817155758246796,0.5514900037721614
MCE,no_visual,chill,0.3131841124171685,0.3888888888888889
MCE,no_visual,hard rock,0.4296186514303864,0.4675
MCE,no_visual,chillout,0.3182764453847894,0.3935251798561151
MCE,no_visual,pop rock,0.4264979868068034,0.4575352367184676
MCE,no_visual,90s,0.3410663784850303,0.3850600266785238
MCE,no_visual,80s,0.5159121173740063,0.512
MCE,no_visual,experimental,0.255134529971165,0.3277777777777778
MCE,no_visual,cool,0.2358038330959105,0.3121501481725386
MCE,no_visual,love at first listen,0.2888018905187257,0.3707317073170731
MCE,no_visual,amazing,0.2206991493816818,0.2562396006655574
MCE,no_visual,epic,0.1862010018773711,0.2605233219567691
MCE,no_visual,sad,0.3432481530509172,0.3918547055586131
MCE,no_visual,catchy,0.3162286292849147,0.368755676657584
MCE,no_visual,guitar,0.2386692815454023,0.3018867924528302
MCE,no_visual,folk,0.4499766065763008,0.4447739065974796
MCE,no_visual,sexy,0.3503225084808332,0.3795121951219512
MCE,no_visual,soul,0.465184185451521,0.4623430962343096
MCE,no_visual,acoustic,0.3815758090371664,0.3975346687211094
MCE,no_visual,melancholy,0.2788993370004916,0.3234172387490465
MCE,no_visual,heavy metal,0.362997185744767,0.392156862745098
MCE,no_visual,indie pop,0.234184455684343,0.3145510835913312
MCE,no_visual,punk,0.4623653554788137,0.5110928512736237
MCE,no_visual,6 of 10 stars,0.1392590690952926,0.1994704324801412
MCE,no_visual,classic,0.24698088796952,0.3319672131147541
MCE,no_visual,loved,0.1483760385978291,0.2208534975802903
MCE,no_visual,70s,0.3953148015483104,0.4434087882822903
MCE,no_visual,easy listening,0.3277608872259894,0.3976502485314053
MCE,no_visual,ambient,0.4725974220905385,0.4519056261343013
MCE,random_one_missing,rock,0.766862629318394,0.7348119575699132
MCE,random_one_missing,pop,0.8288087964278299,0.7686181979059136
MCE,random_one_missing,favorites,0.6104898926460264,0.6424294268605646
MCE,random_one_missing,alternative,0.6342443866220451,0.6253617021276596
MCE,random_one_missing,indie,0.5367846075929515,0.5503597122302158
MCE,random_one_missing,alternative rock,0.5723350620633767,0.5587843241802186
MCE,random_one_missing,male vocalists,0.5342879109457569,0.5561277033985582
MCE,random_one_missing,love,0.4990544574794157,0.5169258920402562
MCE,random_one_missing,awesome,0.3909150326979268,0.4347420032687368
MCE,random_one_missing,beautiful,0.4335892126456977,0.4867566216891554
MCE,random_one_missing,american,0.3889414158019768,0.4586819016527239
MCE,random_one_missing,female vocalists,0.7533810331464308,0.708768267223382
MCE,random_one_missing,seen live,0.3902567414613321,0.4146067415730337
MCE,random_one_missing,electronic,0.5492000593740777,0.5262039660056658
MCE,random_one_missing,00s,0.4289753487210641,0.4686346863468634
MCE,random_one_missing,metal,0.6122442878469839,0.5804511278195489
MCE,random_one_missing,british,0.305456073686688,0.3564853556485355
MCE,random_one_missing,indie rock,0.4845004989603457,0.4928292046936114
MCE,random_one_missing,singer songwriter,0.4292633946326826,0.4465954606141522
MCE,random_one_missing,classic rock,0.49610008970576,0.4912280701754385
MCE,random_one_missing,mellow,0.4044723213934647,0.4483471074380165
MCE,random_one_missing,dance,0.5633256656274543,0.5356037151702786
MCE,random_one_missing,chill,0.3112994539269685,0.3741435805778969
MCE,random_one_missing,hard rock,0.3769804360816395,0.3994708994708995
MCE,random_one_missing,chillout,0.3315588595774777,0.3792603335750544
MCE,random_one_missing,pop rock,0.4197100893427808,0.446911866759195
MCE,random_one_missing,90s,0.3578989395640107,0.3732232920678587
MCE,random_one_missing,80s,0.5427408853216398,0.5066666666666667
MCE,random_one_missing,experimental,0.2559027801894293,0.3381215469613259
MCE,random_one_missing,cool,0.2544207326076931,0.3277393879565646
MCE,random_one_missing,love at first listen,0.2929394524313444,0.3516579406631762
MCE,random_one_missing,amazing,0.2225155797872835,0.3025560772039645
MCE,random_one_missing,epic,0.1956041725689213,0.259946949602122
MCE,random_one_missing,sad,0.3255713709023936,0.3630057803468208
MCE,random_one_missing,catchy,0.3390058716083257,0.3778472532380527
MCE,random_one_missing,guitar,0.2425237747810392,0.3018672199170124
MCE,random_one_missing,folk,0.3724043088126664,0.4018912529550827
MCE,random_one_missing,sexy,0.340122651146339,0.3693516699410609
MCE,random_one_missing,soul,0.4231711689719585,0.4388092613009923
MCE,random_one_missing,acoustic,0.3484127491539773,0.3631921824104234
MCE,random_one_missing,melancholy,0.2782726913955282,0.3045267489711934
MCE,random_one_missing,heavy metal,0.2995190554541588,0.3701399688958009
MCE,random_one_missing,indie pop,0.2134196361286415,0.2980535279805353
MCE,random_one_missing,punk,0.4001674291684682,0.435361216730038
MCE,random_one_missing,6 of 10 stars,0.1426577858336774,0.2066045723962743
MCE,random_one_missing,classic,0.2567313195206778,0.3412863070539419
MCE,random_one_missing,loved,0.1577050292016329,0.2386934673366834
MCE,random_one_missing,70s,0.3784005160891531,0.4200140944326991
MCE,random_one_missing,easy listening,0.3233807086792159,0.3862385321100917
MCE,random_one_missing,ambient,0.4046875802941558,0.4147727272727273
MCE,random_two_missing,rock,0.695052700595485,0.7064889336016097
MCE,random_two_missing,pop,0.7712074418679358,0.7405606407322655
MCE,random_two_missing,favorites,0.5402772098044439,0.6221404154614778
MCE,random_two_missing,alternative,0.5660359394592585,0.5951980425141459
MCE,random_two_missing,indie,0.448197693807805,0.5013214067899979
MCE,random_two_missing,alternative rock,0.4701726839070854,0.5048262548262549
MCE,random_two_missing,male vocalists,0.4455410465207929,0.4991221469776774
MCE,random_two_missing,love,0.4352609389031864,0.4905827609129182
MCE,random_two_missing,awesome,0.3359428843465677,0.4075098814229249
MCE,random_two_missing,beautiful,0.3847503082682344,0.4549395391284508
MCE,random_two_missing,american,0.3583089508820051,0.4407600596125186
MCE,random_two_missing,female vocalists,0.6458406159487896,0.6006651317472499
MCE,random_two_missing,seen live,0.3209429768916573,0.3820777941900541
MCE,random_two_missing,electronic,0.4505794504113725,0.4435364041604754
MCE,random_two_missing,00s,0.355964732423752,0.4008755472170106
MCE,random_two_missing,metal,0.4930123728768437,0.4562289562289562
MCE,random_two_missing,british,0.2567040843514881,0.2888790429774036
MCE,random_two_missing,indie rock,0.3746294440453382,0.4001831501831502
MCE,random_two_missing,singer songwriter,0.3513641772500463,0.3970539002343488
MCE,random_two_missing,classic rock,0.3601304394421952,0.3996091841719589
MCE,random_two_missing,mellow,0.3337899370311989,0.4004024144869215
MCE,random_two_missing,dance,0.4713383892771203,0.4309440559440559
MCE,random_two_missing,chill,0.2619232234086901,0.3423280423280423
MCE,random_two_missing,hard rock,0.2942649172441262,0.3363321799307958
MCE,random_two_missing,chillout,0.2822952564182553,0.3359616043880699
MCE,random_two_missing,pop rock,0.3486963001011022,0.3838674828952106
MCE,random_two_missing,90s,0.2915589745825219,0.2994871794871795
MCE,random_two_missing,80s,0.3964432441495801,0.3697376449054301
MCE,random_two_missing,experimental,0.2222578350807168,0.2845445240532241
MCE,random_two_missing,cool,0.2156521414701208,0.2887892376681614
MCE,random_two_missing,love at first listen,0.259642190021744,0.2805569881382155
MCE,random_two_missing,amazing,0.186811923165041,0.2179176755447942
MCE,random_two_missing,epic,0.1683625125810988,0.249743062692703
MCE,random_two_missing,sad,0.2531075789584831,0.3023702754644459
MCE,random_two_missing,catchy,0.2583711319517269,0.3128054740957967
MCE,random_two_missing,guitar,0.1836180610129097,0.2501216545012165
MCE,random_two_missing,folk,0.2706219666326858,0.287109375
MCE,random_two_missing,sexy,0.2984770835734195,0.3272323904603438
MCE,random_two_missing,soul,0.3298410890378453,0.3586550435865504
MCE,random_two_missing,acoustic,0.258442915494285,0.2563025210084033
MCE,random_two_missing,melancholy,0.2101056445291872,0.2055335968379446
MCE,random_two_missing,heavy metal,0.2389225161456166,0.3106457242582897
MCE,random_two_missing,indie pop,0.1763891682137674,0.2434163701067615
MCE,random_two_missing,punk,0.3132773819914653,0.2386934673366834
MCE,random_two_missing,6 of 10 stars,0.1322245048507069,0.1979425328130542
MCE,random_two_missing,classic,0.1996749242036259,0.2896015549076773
MCE,random_two_missing,loved,0.1379582038972827,0.2177419354838709
MCE,random_two_missing,70s,0.2901272744161054,0.3615591397849462
MCE,random_two_missing,easy listening,0.271130286567111,0.3339604891815616
MCE,random_two_missing,ambient,0.3016096133979239,0.3522267206477733
AA-MCE,observed,rock,0.7993010673054773,0.7501108319787203
AA-MCE,observed,pop,0.8568862673398063,0.7846731780616079
AA-MCE,observed,favorites,0.6509909835100257,0.6517524235645041
AA-MCE,observed,alternative,0.6848560934668732,0.6455949137148047
AA-MCE,observed,indie,0.5875221344675532,0.5815602836879432
AA-MCE,observed,alternative rock,0.6406935640770981,0.6057829945605496
AA-MCE,observed,male vocalists,0.5786691281745097,0.5968222442899702
AA-MCE,observed,love,0.5360152192394924,0.546973803071364
AA-MCE,observed,awesome,0.4341351127249185,0.4564898915909757
AA-MCE,observed,beautiful,0.4661335405345901,0.5092543627710207
AA-MCE,observed,american,0.4241586641432978,0.4745189257771199
AA-MCE,observed,female vocalists,0.789225316828073,0.7544502617801047
AA-MCE,observed,seen live,0.4424750106644631,0.4633986928104575
AA-MCE,observed,electronic,0.6232625572114187,0.5991847826086957
AA-MCE,observed,00s,0.4801620996390174,0.5147187408918683
AA-MCE,observed,metal,0.687813584945715,0.6443046820405312
AA-MCE,observed,british,0.3278569068694529,0.374250299880048
AA-MCE,observed,indie rock,0.5579775124622024,0.5459700283515594
AA-MCE,observed,singer songwriter,0.4677792290119414,0.4707835325365206
AA-MCE,observed,classic rock,0.5499708375249531,0.5378151260504201
AA-MCE,observed,mellow,0.457357749770629,0.4945709281961471
AA-MCE,observed,dance,0.6105184804600968,0.5798069784706755
AA-MCE,observed,chill,0.3482858840324672,0.4026981450252951
AA-MCE,observed,hard rock,0.4701507884209298,0.4684242795830778
AA-MCE,observed,chillout,0.3636301851604162,0.4206039076376554
AA-MCE,observed,pop rock,0.4669904531921922,0.4722617354196302
AA-MCE,observed,90s,0.3914325983835693,0.4131736526946107
AA-MCE,observed,80s,0.5917151255965829,0.5553319919517102
AA-MCE,observed,experimental,0.2801670973291036,0.3257617728531856
AA-MCE,observed,cool,0.27526621154031,0.3338018271257906
AA-MCE,observed,love at first listen,0.3328947235651924,0.3809894818854694
AA-MCE,observed,amazing,0.2496919614145132,0.2983085597129677
AA-MCE,observed,epic,0.2169407500600738,0.2838569880823402
AA-MCE,observed,sad,0.3760893999465043,0.4074074074074074
AA-MCE,observed,catchy,0.3650138185105842,0.4074861760952786
AA-MCE,observed,guitar,0.2777978752828368,0.3284457478005865
AA-MCE,observed,folk,0.4448771836707383,0.4335570469798657
AA-MCE,observed,sexy,0.381345592451526,0.4
AA-MCE,observed,soul,0.4867640872109688,0.4721512519161983
AA-MCE,observed,acoustic,0.3960695594674187,0.4201050262565641
AA-MCE,observed,melancholy,0.3091750126627531,0.3489425981873111
AA-MCE,observed,heavy metal,0.393607580509097,0.4587155963302752
AA-MCE,observed,indie pop,0.248650233165643,0.3293978748524203
AA-MCE,observed,punk,0.4744606092420242,0.5158730158730159
AA-MCE,observed,6 of 10 stars,0.1466152872284364,0.2006472491909385
AA-MCE,observed,classic,0.2918157959447354,0.357255107386066
AA-MCE,observed,loved,0.1695379515934848,0.2507488232777065
AA-MCE,observed,70s,0.4163461950358261,0.4968354430379746
AA-MCE,observed,easy listening,0.3659319133904399,0.4110854503464203
AA-MCE,observed,ambient,0.4817890497242534,0.4733395696913002
AA-MCE,no_audio,rock,0.7417143801326939,0.7215434083601286
AA-MCE,no_audio,pop,0.8144931264688825,0.7554541565663767
AA-MCE,no_audio,favorites,0.6155908651234288,0.6317645463176454
AA-MCE,no_audio,alternative,0.6215224681601348,0.6168136020151134
AA-MCE,no_audio,indie,0.5174774866772556,0.5342434584755403
AA-MCE,no_audio,alternative rock,0.5261062925773613,0.5150547445255474
AA-MCE,no_audio,male vocalists,0.506021915864454,0.5338126263760953
AA-MCE,no_audio,love,0.5099678188442623,0.5184014450214496
AA-MCE,no_audio,awesome,0.3831754744883073,0.4293622141997593
AA-MCE,no_audio,beautiful,0.4091997791002339,0.4633204633204633
AA-MCE,no_audio,american,0.3899563209079077,0.4611557596632223
AA-MCE,no_audio,female vocalists,0.6740615928043847,0.6374583653599795
AA-MCE,no_audio,seen live,0.3693153173964376,0.408223201174743
AA-MCE,no_audio,electronic,0.4288328091747381,0.4461687681862269
AA-MCE,no_audio,00s,0.4319632063637985,0.4586404586404586
AA-MCE,no_audio,metal,0.5661130784324084,0.5481377371749825
AA-MCE,no_audio,british,0.289788330035523,0.3550469483568075
AA-MCE,no_audio,indie rock,0.4143466360547709,0.4508061862454754
AA-MCE,no_audio,singer songwriter,0.4024245332863845,0.4302325581395348
AA-MCE,no_audio,classic rock,0.4388646644485718,0.4497763318422123
AA-MCE,no_audio,mellow,0.3443475984920737,0.4056059356966199
AA-MCE,no_audio,dance,0.4948526300597078,0.4927433628318584
AA-MCE,no_audio,chill,0.2874175270565462,0.358880460371436
AA-MCE,no_audio,hard rock,0.3181584589676877,0.3432751828925154
AA-MCE,no_audio,chillout,0.2840719432058678,0.3562163872192344
AA-MCE,no_audio,pop rock,0.3836859130271465,0.4171779141104294
AA-MCE,no_audio,90s,0.3266606172562301,0.3657670454545454
AA-MCE,no_audio,80s,0.4724138875975881,0.4479213232007152
AA-MCE,no_audio,experimental,0.2435812993718056,0.3105145413870246
AA-MCE,no_audio,cool,0.2529850656266917,0.3175562269217858
AA-MCE,no_audio,love at first listen,0.2982520619089207,0.3421052631578947
AA-MCE,no_audio,amazing,0.2328096363270801,0.2930232558139535
AA-MCE,no_audio,epic,0.1828471156617704,0.2532842879663688
AA-MCE,no_audio,sad,0.2970592491332796,0.3582938388625592
AA-MCE,no_audio,catchy,0.3416115157150936,0.383134738771769
AA-MCE,no_audio,guitar,0.2425123089759678,0.291647855530474
AA-MCE,no_audio,folk,0.2985622390215728,0.3373957665169981
AA-MCE,no_audio,sexy,0.3482701408352093,0.3679100664282064
AA-MCE,no_audio,soul,0.3834350173637366,0.4075734927752865
AA-MCE,no_audio,acoustic,0.2656237833106417,0.3117430226434965
AA-MCE,no_audio,melancholy,0.2291328916466143,0.2795299938157081
AA-MCE,no_audio,heavy metal,0.3010346934681564,0.3727034120734908
AA-MCE,no_audio,indie pop,0.2065513186075403,0.2930812204555221
AA-MCE,no_audio,punk,0.286772670479309,0.3532536520584329
AA-MCE,no_audio,6 of 10 stars,0.1388006598316094,0.1941008563273073
AA-MCE,no_audio,classic,0.2675354609545056,0.3329886246122027
AA-MCE,no_audio,loved,0.1565947029142333,0.2250922509225092
AA-MCE,no_audio,70s,0.3244170045524341,0.3711875405580792
AA-MCE,no_audio,easy listening,0.3195865616129278,0.3605381165919282
AA-MCE,no_audio,ambient,0.3432399889915367,0.3668639053254438
AA-MCE,no_lyrics,rock,0.7814538308053408,0.737801293356849
AA-MCE,no_lyrics,pop,0.842508751922754,0.7666256157635468
AA-MCE,no_lyrics,favorites,0.6372511497130768,0.6506998444790046
AA-MCE,no_lyrics,alternative,0.6477416616951683,0.6269022214448137
AA-MCE,no_lyrics,indie,0.5356949466448723,0.5482517482517483
AA-MCE,no_lyrics,alternative rock,0.6018604112932735,0.5679611650485437
AA-MCE,no_lyrics,male vocalists,0.54739749630813,0.5796959293771456
AA-MCE,no_lyrics,love,0.4967173773013923,0.519927536231884
AA-MCE,no_lyrics,awesome,0.4235587478527655,0.4459909228441755
AA-MCE,no_lyrics,beautiful,0.453354581558947,0.512484237074401
AA-MCE,no_lyrics,american,0.3795906307859178,0.44408014571949
AA-MCE,no_lyrics,female vocalists,0.7885645370256205,0.7560511286374763
AA-MCE,no_lyrics,seen live,0.4280025878638263,0.4493913043478261
AA-MCE,no_lyrics,electronic,0.6016734800521527,0.5777156828501572
AA-MCE,no_lyrics,00s,0.4693656300186752,0.4888888888888889
AA-MCE,no_lyrics,metal,0.6346866924579619,0.6126373626373627
AA-MCE,no_lyrics,british,0.3151137134468471,0.3537680593518157
AA-MCE,no_lyrics,indie rock,0.5014999469674378,0.4922374429223744
AA-MCE,no_lyrics,singer songwriter,0.4325347312411905,0.4517601043024772
AA-MCE,no_lyrics,classic rock,0.4979431914217615,0.4889103182256509
AA-MCE,no_lyrics,mellow,0.4355652329374798,0.4831168831168831
AA-MCE,no_lyrics,dance,0.6014321639301595,0.5716297078493489
AA-MCE,no_lyrics,chill,0.3364768746085873,0.3947190250507786
AA-MCE,no_lyrics,hard rock,0.424152440334982,0.4406779661016949
AA-MCE,no_lyrics,chillout,0.3602720425900798,0.4191419141914191
AA-MCE,no_lyrics,pop rock,0.4457991241175476,0.456575682382134
AA-MCE,no_lyrics,90s,0.3856431589765912,0.4064352243861134
AA-MCE,no_lyrics,80s,0.5723804916846428,0.5483870967741935
AA-MCE,no_lyrics,experimental,0.2601158102151731,0.3212962962962963
AA-MCE,no_lyrics,cool,0.2678255238699276,0.3309114927344782
AA-MCE,no_lyrics,love at first listen,0.3191420664059817,0.3577302631578947
AA-MCE,no_lyrics,amazing,0.2339025591435366,0.2847790507364975
AA-MCE,no_lyrics,epic,0.2196876241535967,0.2857142857142857
AA-MCE,no_lyrics,sad,0.3334746222547108,0.3849275362318841
AA-MCE,no_lyrics,catchy,0.3342264345447743,0.3820422535211267
AA-MCE,no_lyrics,guitar,0.2466596524256211,0.3157894736842105
AA-MCE,no_lyrics,folk,0.3846977890109448,0.3974132863021752
AA-MCE,no_lyrics,sexy,0.3484776951797393,0.3869784502521779
AA-MCE,no_lyrics,soul,0.4410136322272002,0.4594017094017094
AA-MCE,no_lyrics,acoustic,0.3661251318838707,0.4205946337926033
AA-MCE,no_lyrics,melancholy,0.2955035328814357,0.360128617363344
AA-MCE,no_lyrics,heavy metal,0.3317693289261335,0.3833865814696485
AA-MCE,no_lyrics,indie pop,0.2206413325688288,0.3039106145251397
AA-MCE,no_lyrics,punk,0.4550391966607678,0.4869831546707504
AA-MCE,no_lyrics,6 of 10 stars,0.1439699885483044,0.2143101677507702
AA-MCE,no_lyrics,classic,0.2809599448076995,0.3511111111111111
AA-MCE,no_lyrics,loved,0.1664672118038801,0.2508250825082508
AA-MCE,no_lyrics,70s,0.3938569850881259,0.459358687546607
AA-MCE,no_lyrics,easy listening,0.3424895835221943,0.3903569772832638
AA-MCE,no_lyrics,ambient,0.3960182645863819,0.4264178033022254
AA-MCE,no_visual,rock,0.7718293859322519,0.7406174334140436
AA-MCE,no_visual,pop,0.830213263177367,0.774667797568561
AA-MCE,no_visual,favorites,0.5962437387686501,0.6429608127721336
AA-MCE,no_visual,alternative,0.6561461098589465,0.6409647359766124
AA-MCE,no_visual,indie,0.5567867828980091,0.5719911395520552
AA-MCE,no_visual,alternative rock,0.6112755037268782,0.6006692693809258
AA-MCE,no_visual,male vocalists,0.5342569717988394,0.5825958702064897
AA-MCE,no_visual,love,0.4932554752902784,0.5251193453057513
AA-MCE,no_visual,awesome,0.3947886919416096,0.4327062228654124
AA-MCE,no_visual,beautiful,0.4295890446274134,0.4981742305685968
AA-MCE,no_visual,american,0.4133167981987909,0.4750644883920894
AA-MCE,no_visual,female vocalists,0.7623939879416284,0.7227445997458704
AA-MCE,no_visual,seen live,0.3933096128621418,0.4397448808324941
AA-MCE,no_visual,electronic,0.6142559623616789,0.5885322755138839
AA-MCE,no_visual,00s,0.3985917925703782,0.4643690075149002
AA-MCE,no_visual,metal,0.6546054536208731,0.6269727403156384
AA-MCE,no_visual,british,0.3043556848961207,0.373741441804269
AA-MCE,no_visual,indie rock,0.5395019297628318,0.5412960609911055
AA-MCE,no_visual,singer songwriter,0.4296407639603281,0.4419165804894864
AA-MCE,no_visual,classic rock,0.5046648517541884,0.5192216421452301
AA-MCE,no_visual,mellow,0.4210798039755163,0.4775036284470246
AA-MCE,no_visual,dance,0.5833771767232233,0.5533033033033034
AA-MCE,no_visual,chill,0.3104607479364199,0.3846153846153846
AA-MCE,no_visual,hard rock,0.4288463571029667,0.4701492537313433
AA-MCE,no_visual,chillout,0.3176879260919975,0.4007029876977153
AA-MCE,no_visual,pop rock,0.4293296342298515,0.4702419882275997
AA-MCE,no_visual,90s,0.3395620159575658,0.4055785902751602
AA-MCE,no_visual,80s,0.5125831261330106,0.5048247841543931
AA-MCE,no_visual,experimental,0.2539715572688509,0.3309128630705394
AA-MCE,no_visual,cool,0.2355391883534618,0.3147869674185464
AA-MCE,no_visual,love at first listen,0.2899736482198633,0.3724253888188314
AA-MCE,no_visual,amazing,0.2207654051474161,0.289740202553941
AA-MCE,no_visual,epic,0.1852467933956411,0.2597752808988764
AA-MCE,no_visual,sad,0.3405023894280282,0.3952865559721478
AA-MCE,no_visual,catchy,0.3179116092213195,0.3713717693836978
AA-MCE,no_visual,guitar,0.2388217607298108,0.3001017293997965
AA-MCE,no_visual,folk,0.4482474470938196,0.4414615958240119
AA-MCE,no_visual,sexy,0.3512736409883205,0.3773021403683425
AA-MCE,no_visual,soul,0.4650411404460017,0.463
AA-MCE,no_visual,acoustic,0.3763742145736589,0.4053000779423227
AA-MCE,no_visual,melancholy,0.278313844031408,0.3541666666666667
AA-MCE,no_visual,heavy metal,0.3676735418064765,0.4217391304347826
AA-MCE,no_visual,indie pop,0.2360928946578984,0.3157894736842105
AA-MCE,no_visual,punk,0.4629168695141305,0.5071851225697379
AA-MCE,no_visual,6 of 10 stars,0.1395319262146702,0.1912869303955933
AA-MCE,no_visual,classic,0.2480614376189473,0.3278861360042172
AA-MCE,no_visual,loved,0.1496199862484944,0.2234785500498836
AA-MCE,no_visual,70s,0.3937533444161336,0.4535211267605634
AA-MCE,no_visual,easy listening,0.3264629755062137,0.3950941743320192
AA-MCE,no_visual,ambient,0.4740306813178737,0.4553483807654563
AA-MCE,random_one_missing,rock,0.768089027302098,0.7329665679221329
AA-MCE,random_one_missing,pop,0.8306348742863592,0.7679509632224168
AA-MCE,random_one_missing,favorites,0.6115176339286774,0.6431679721496953
AA-MCE,random_one_missing,alternative,0.6366215485491871,0.6206185567010309
AA-MCE,random_one_missing,indie,0.5388958541810891,0.5500118231260345
AA-MCE,random_one_missing,alternative rock,0.5748227479313802,0.5547257275302601
AA-MCE,random_one_missing,male vocalists,0.5349573822008191,0.565062811092676
AA-MCE,random_one_missing,love,0.5011776400933617,0.5218764095624718
AA-MCE,random_one_missing,awesome,0.3941365820240967,0.4334541688244433
AA-MCE,random_one_missing,beautiful,0.4365823793411919,0.4887290167865707
AA-MCE,random_one_missing,american,0.3878291483488767,0.4545102593883082
AA-MCE,random_one_missing,female vocalists,0.7516312916131312,0.7041373926619828
AA-MCE,random_one_missing,seen live,0.3956121385508186,0.424124513618677
AA-MCE,random_one_missing,electronic,0.5486342087728517,0.5245901639344263
AA-MCE,random_one_missing,00s,0.4260846135267101,0.4644762707104746
AA-MCE,random_one_missing,metal,0.6174790464760957,0.600971547536433
AA-MCE,random_one_missing,british,0.3060424014729897,0.3582089552238806
AA-MCE,random_one_missing,indie rock,0.4870354881365292,0.4978269458711971
AA-MCE,random_one_missing,singer songwriter,0.4298568059362259,0.4475568004979769
AA-MCE,random_one_missing,classic rock,0.4922111417396317,0.4940639269406393
AA-MCE,random_one_missing,mellow,0.4064510759886486,0.4467240238252812
AA-MCE,random_one_missing,dance,0.5650753710190528,0.5389007851534618
AA-MCE,random_one_missing,chill,0.3155257566868594,0.3771876885938443
AA-MCE,random_one_missing,hard rock,0.3797066434382553,0.4
AA-MCE,random_one_missing,chillout,0.3332891037074,0.3849918433931484
AA-MCE,random_one_missing,pop rock,0.4213239841731586,0.4569444444444444
AA-MCE,random_one_missing,90s,0.3570428558649634,0.3863894139886578
AA-MCE,random_one_missing,80s,0.5392711642455399,0.5002418964683115
AA-MCE,random_one_missing,experimental,0.2562151748270864,0.3344449737970462
AA-MCE,random_one_missing,cool,0.254234272609608,0.3256371814092954
AA-MCE,random_one_missing,love at first listen,0.2947606615236115,0.3538461538461538
AA-MCE,random_one_missing,amazing,0.2231840138594499,0.2907699665231946
AA-MCE,random_one_missing,epic,0.1964133780651099,0.2585241730279898
AA-MCE,random_one_missing,sad,0.3243355929925602,0.3764950598023921
AA-MCE,random_one_missing,catchy,0.3386439195760494,0.3749456285341452
AA-MCE,random_one_missing,guitar,0.2416221149493818,0.2968827313211281
AA-MCE,random_one_missing,folk,0.3760056412885534,0.3820078226857888
AA-MCE,random_one_missing,sexy,0.3400619617275305,0.3706563706563706
AA-MCE,random_one_missing,soul,0.4249826695344881,0.431131592421915
AA-MCE,random_one_missing,acoustic,0.3478157833199311,0.3829787234042553
AA-MCE,random_one_missing,melancholy,0.2791357490469465,0.3250311332503113
AA-MCE,random_one_missing,heavy metal,0.3099781234581256,0.3741935483870968
AA-MCE,random_one_missing,indie pop,0.2143797442568607,0.3022774327122153
AA-MCE,random_one_missing,punk,0.4056133320032551,0.4294385432473445
AA-MCE,random_one_missing,6 of 10 stars,0.1441373346383177,0.2031905961376994
AA-MCE,random_one_missing,classic,0.2576293682310084,0.3422174840085288
AA-MCE,random_one_missing,loved,0.1566959535310271,0.2300372362432768
AA-MCE,random_one_missing,70s,0.3803290014685569,0.4256803907885554
AA-MCE,random_one_missing,easy listening,0.3235522858610443,0.3837572512271307
AA-MCE,random_one_missing,ambient,0.4048938933856704,0.4098504837291117
AA-MCE,random_two_missing,rock,0.697052696301875,0.7072983354673495
AA-MCE,random_two_missing,pop,0.772917197059686,0.7413671599718111
AA-MCE,random_two_missing,favorites,0.5393919530550468,0.6216070948669713
AA-MCE,random_two_missing,alternative,0.5679478361493626,0.5956301456618113
AA-MCE,random_two_missing,indie,0.4480165372950825,0.5058053620434875
AA-MCE,random_two_missing,alternative rock,0.4715668259073525,0.500882612533098
AA-MCE,random_two_missing,male vocalists,0.4415473722728109,0.507223113964687
AA-MCE,random_two_missing,love,0.4326824578399401,0.4981610134859011
AA-MCE,random_two_missing,awesome,0.3347811565868833,0.4114875476778102
AA-MCE,random_two_missing,beautiful,0.381074714955014,0.4545269582909461
AA-MCE,random_two_missing,american,0.35354567686605,0.444127097465191
AA-MCE,random_two_missing,female vocalists,0.6468622699483777,0.6109040074557316
AA-MCE,random_two_missing,seen live,0.321228690359653,0.3856243441762854
AA-MCE,random_two_missing,electronic,0.4510620313149079,0.4611676486341725
AA-MCE,random_two_missing,00s,0.3554686324657702,0.42393764143827
AA-MCE,random_two_missing,metal,0.5008761794453712,0.5010211027910143
AA-MCE,random_two_missing,british,0.2551151488125244,0.3243076923076923
AA-MCE,random_two_missing,indie rock,0.3709296615251718,0.4072039072039072
AA-MCE,random_two_missing,singer songwriter,0.3535318986188007,0.4192903548225887
AA-MCE,random_two_missing,classic rock,0.3601499371931426,0.3903854123497721
AA-MCE,random_two_missing,mellow,0.331252597921866,0.390431187241583
AA-MCE,random_two_missing,dance,0.4762443449514502,0.4786096256684492
AA-MCE,random_two_missing,chill,0.2607223624853523,0.355601233299075
AA-MCE,random_two_missing,hard rock,0.2970570070497946,0.3275024295432459
AA-MCE,random_two_missing,chillout,0.2826317852623863,0.3577777777777777
AA-MCE,random_two_missing,pop rock,0.3467119311827376,0.4285284381582907
AA-MCE,random_two_missing,90s,0.2972949139950663,0.3456246560264172
AA-MCE,random_two_missing,80s,0.3991111547305737,0.3994283672740264
AA-MCE,random_two_missing,experimental,0.2239577740443415,0.2968369829683698
AA-MCE,random_two_missing,cool,0.2163360859375793,0.2913113620649919
AA-MCE,random_two_missing,love at first listen,0.2614370568206636,0.3140770252324037
AA-MCE,random_two_missing,amazing,0.1885178897766623,0.2704697986577181
AA-MCE,random_two_missing,epic,0.1720471883817857,0.2491987179487179
AA-MCE,random_two_missing,sad,0.2544195519298143,0.327372764786795
AA-MCE,random_two_missing,catchy,0.2647982705116933,0.3292937735060593
AA-MCE,random_two_missing,guitar,0.1850984728364885,0.2595169873106835
AA-MCE,random_two_missing,folk,0.2717815858978056,0.2912181303116147
AA-MCE,random_two_missing,sexy,0.2992543581564597,0.3493031358885017
AA-MCE,random_two_missing,soul,0.3352421292716542,0.3832923832923833
AA-MCE,random_two_missing,acoustic,0.2626744573695708,0.297137216189536
AA-MCE,random_two_missing,melancholy,0.2097932560777477,0.2745320476460579
AA-MCE,random_two_missing,heavy metal,0.2495549881977458,0.3741765480895915
AA-MCE,random_two_missing,indie pop,0.1766685450998569,0.2570422535211267
AA-MCE,random_two_missing,punk,0.3166012248104448,0.3419540229885057
AA-MCE,random_two_missing,6 of 10 stars,0.1333070169031404,0.2037408149632598
AA-MCE,random_two_missing,classic,0.2004140159349358,0.2887750349324639
AA-MCE,random_two_missing,loved,0.1389042480662709,0.2177935943060498
AA-MCE,random_two_missing,70s,0.2894057453338191,0.3636363636363636
AA-MCE,random_two_missing,easy listening,0.2770735194631586,0.345509239363988
AA-MCE,random_two_missing,ambient,0.2995529235563448,0.337200309358082
